STRUCTURE,STRUCTURE_ID,STRUCTURE_NAME,freq,Time frequency,indic_de,Demographic indicator,geo,Geopolitical entity (reporting),TIME_PERIOD,Time,OBS_VALUE,Observation value,OBS_FLAG,Observation status (Flag) V2 structure,CONF_STATUS,Confidentiality status (flag)
dataflow,ESTAT:TPS00001(1.0),Population on 1 January,A,Annual,JAN,Population on 1 January - total,AT,Austria,2014,,8507786,,,,,
dataflow,ESTAT:TPS00001(1.0),Population on 1 January,A,Annual,JAN,Population on 1 January - total,AT,Austria,2015,,8584926,,,,,
dataflow,ESTAT:TPS00001(1.0),Population on 1 January,A,Annual,JAN,Population on 1 January - total,AT,Austria,2016,,8700471,,,,,
dataflow,ESTAT:TPS00001(1.0),Population on 1 January,A,Annual,JAN,Population on 1 January - total,AT,Austria,2017,,8772865,,,,,
dataflow,ESTAT:TPS00001(1.0),Population on 1 January,A,Annual,JAN,Population on 1 January - total,AT,Austria,2018,,8822267,,,,,
dataflow,ESTAT:TPS00001(1.0),Population on 1 January,A,Annual,JAN,Population on 1 January - total,AT,Austria,2019,,8858775,,,,,
dataflow,ESTAT:TPS00001(1.0),Population on 1 January,A,Annual,JAN,Population on 1 January - total,AT,Austria,2020,,8901064,,,,,
dataflow,ESTAT:TPS00001(1.0),Population on 1 January,A,Annual,JAN,Population on 1 January - total,AT,Austria,2021,,8932664,,,,,
dataflow,ESTAT:TPS00001(1.0),Population on 1 January,A,Annual,JAN,Population on 1 January - total,AT,Austria,2022,,8978929,,,,,
dataflow,ESTAT:TPS00001(1.0),Population on 1 January,A,Annual,JAN,Population on 1 January - total,AT,Austria,2023,,9104772,,,,,
dataflow,ESTAT:TPS00001(1.0),Population on 1 January,A,Annual,JAN,Population on 1 January - total,AT,Austria,2024,,9158750,,,,,
dataflow,ESTAT:TPS00001(1.0),Population on 1 January,A,Annual,JAN,Population on 1 January - total,AT,Austria,2025,,9197213,,,,,
dataflow,ESTAT:TPS00001(1.0),Population on 1 January,A,Annual,JAN,Population on 1 January - total,BE,Belgium,2014,,11180840,,,,,
dataflow,ESTAT:TPS00001(1.0),Population on 1 January,A,Annual,JAN,Population on 1 January - total,BE,Belgium,2015,,11237274,,,,,
dataflow,ESTAT:TPS00001(1.0),Population on 1 January,A,Annual,JAN,Population on 1 January - total,BE,Belgium,2016,,11311117,,,,,
dataflow,ESTAT:TPS00001(1.0),Population on 1 January,A,Annual,JAN,Population on 1 January - total,BE,Belgium,2017,,11351727,,,,,
dataflow,ESTAT:TPS00001(1.0),Population on 1 January,A,Annual,JAN,Population on 1 January - total,BE,Belgium,2018,,11398589,,,,,
dataflow,ESTAT:TPS00001(1.0),Population on 1 January,A,Annual,JAN,Population on 1 January - total,BE,Belgium,2019,,11455519,,,,,
dataflow,ESTAT:TPS00001(1.0),Population on 1 January,A,Annual,JAN,Population on 1 January - total,BE,Belgium,2020,,11522440,,,,,
dataflow,ESTAT:TPS00001(1.0),Population on 1 January,A,Annual,JAN,Population on 1 January - total,BE,Belgium,2021,,11554767,,,,,
dataflow,ESTAT:TPS00001(1.0),Population on 1 January,A,Annual,JAN,Population on 1 January - total,BE,Belgium,2022,,11617623,,,,,
dataflow,ESTAT:TPS00001(1.0),Population on 1 January,A,Annual,JAN,Population on 1 January - total,BE,Belgium,2023,,11742796,,,,,
dataflow,ESTAT:TPS00001(1.0),Population on 1 January,A,Annual,JAN,Population on 1 January - total,BE,Belgium,2024,,11817096,,,,,
dataflow,ESTAT:TPS00001(1.0),Population on 1 January,A,Annual,JAN,Population on 1 January - total,BE,Belgium,2025,,11900123,,p,provisional,,
dataflow,ESTAT:TPS00001(1.0),Population on 1 January,A,Annual,JAN,Population on 1 January - total,BG,Bulgaria,2014,,7117453,,,,,
dataflow,ESTAT:TPS00001(1.0),Population on 1 January,A,Annual,JAN,Population on 1 January - total,BG,Bulgaria,2015,,7029690,,,,,
dataflow,ESTAT:TPS00001(1.0),Population on 1 January,A,Annual,JAN,Population on 1 January - total,BG,Bulgaria,2016,,6938759,,,,,
dataflow,ESTAT:TPS00001(1.0),Population on 1 January,A,Annual,JAN,Population on 1 January - total,BG,Bulgaria,2017,,6849518,,,,,
dataflow,ESTAT:TPS00001(1.0),Population on 1 January,A,Annual,JAN,Population on 1 January - total,BG,Bulgaria,2018,,6757418,,,,,
dataflow,ESTAT:TPS00001(1.0),Population on 1 January,A,Annual,JAN,Population on 1 January - total,BG,Bulgaria,2019,,6664177,,,,,
dataflow,ESTAT:TPS00001(1.0),Population on 1 January,A,Annual,JAN,Population on 1 January - total,BG,Bulgaria,2020,,6569275,,,,,
dataflow,ESTAT:TPS00001(1.0),Population on 1 January,A,Annual,JAN,Population on 1 January - total,BG,Bulgaria,2021,,6532117,,,,,
dataflow,ESTAT:TPS00001(1.0),Population on 1 January,A,Annual,JAN,Population on 1 January - total,BG,Bulgaria,2022,,6482484,,,,,
dataflow,ESTAT:TPS00001(1.0),Population on 1 January,A,Annual,JAN,Population on 1 January - total,BG,Bulgaria,2023,,6447710,,,,,
dataflow,ESTAT:TPS00001(1.0),Population on 1 January,A,Annual,JAN,Population on 1 January - total,BG,Bulgaria,2024,,6445481,,,,,
dataflow,ESTAT:TPS00001(1.0),Population on 1 January,A,Annual,JAN,Population on 1 January - total,BG,Bulgaria,2025,,6437360,,,,,
dataflow,ESTAT:TPS00001(1.0),Population on 1 January,A,Annual,JAN,Population on 1 January - total,CY,Cyprus,2014,,860032,,,,,
dataflow,ESTAT:TPS00001(1.0),Population on 1 January,A,Annual,JAN,Population on 1 January - total,CY,Cyprus,2015,,860846,,,,,
dataflow,ESTAT:TPS00001(1.0),Population on 1 January,A,Annual,JAN,Population on 1 January - total,CY,Cyprus,2016,,863764,,,,,
dataflow,ESTAT:TPS00001(1.0),Population on 1 January,A,Annual,JAN,Population on 1 January - total,CY,Cyprus,2017,,869878,,,,,
dataflow,ESTAT:TPS00001(1.0),Population on 1 January,A,Annual,JAN,Population on 1 January - total,CY,Cyprus,2018,,878601,,,,,
dataflow,ESTAT:TPS00001(1.0),Population on 1 January,A,Annual,JAN,Population on 1 January - total,CY,Cyprus,2019,,890194,,,,,
dataflow,ESTAT:TPS00001(1.0),Population on 1 January,A,Annual,JAN,Population on 1 January - total,CY,Cyprus,2020,,902429,,,,,
dataflow,ESTAT:TPS00001(1.0),Population on 1 January,A,Annual,JAN,Population on 1 January - total,CY,Cyprus,2021,,914476,,,,,
dataflow,ESTAT:TPS00001(1.0),Population on 1 January,A,Annual,JAN,Population on 1 January - total,CY,Cyprus,2022,,929764,,,,,
dataflow,ESTAT:TPS00001(1.0),Population on 1 January,A,Annual,JAN,Population on 1 January - total,CY,Cyprus,2023,,949084,,,,,
dataflow,ESTAT:TPS00001(1.0),Population on 1 January,A,Annual,JAN,Population on 1 January - total,CY,Cyprus,2024,,966365,,,,,
dataflow,ESTAT:TPS00001(1.0),Population on 1 January,A,Annual,JAN,Population on 1 January - total,CY,Cyprus,2025,,979865,,p,provisional,,
dataflow,ESTAT:TPS00001(1.0),Population on 1 January,A,Annual,JAN,Population on 1 January - total,DE,Germany,2014,,80767463,,,,,
dataflow,ESTAT:TPS00001(1.0),Population on 1 January,A,Annual,JAN,Population on 1 January - total,DE,Germany,2015,,81197537,,,,,
dataflow,ESTAT:TPS00001(1.0),Population on 1 January,A,Annual,JAN,Population on 1 January - total,DE,Germany,2016,,82175684,,,,,
dataflow,ESTAT:TPS00001(1.0),Population on 1 January,A,Annual,JAN,Population on 1 January - total,DE,Germany,2017,,82521653,,,,,
dataflow,ESTAT:TPS00001(1.0),Population on 1 January,A,Annual,JAN,Population on 1 January - total,DE,Germany,2018,,82792351,,,,,
dataflow,ESTAT:TPS00001(1.0),Population on 1 January,A,Annual,JAN,Population on 1 January - total,DE,Germany,2019,,83019213,,,,,
dataflow,ESTAT:TPS00001(1.0),Population on 1 January,A,Annual,JAN,Population on 1 January - total,DE,Germany,2020,,83166711,,,,,
dataflow,ESTAT:TPS00001(1.0),Population on 1 January,A,Annual,JAN,Population on 1 January - total,DE,Germany,2021,,83155031,,,,,
dataflow,ESTAT:TPS00001(1.0),Population on 1 January,A,Annual,JAN,Population on 1 January - total,DE,Germany,2022,,83237124,,,,,
dataflow,ESTAT:TPS00001(1.0),Population on 1 January,A,Annual,JAN,Population on 1 January - total,DE,Germany,2023,,83118501,,b,break in time series,,
dataflow,ESTAT:TPS00001(1.0),Population on 1 January,A,Annual,JAN,Population on 1 January - total,DE,Germany,2024,,83456045,,,,,
dataflow,ESTAT:TPS00001(1.0),Population on 1 January,A,Annual,JAN,Population on 1 January - total,DE,Germany,2025,,83577140,,,,,
dataflow,ESTAT:TPS00001(1.0),Population on 1 January,A,Annual,JAN,Population on 1 January - total,DK,Denmark,2014,,5627235,,,,,
dataflow,ESTAT:TPS00001(1.0),Population on 1 January,A,Annual,JAN,Population on 1 January - total,DK,Denmark,2015,,5659715,,,,,
dataflow,ESTAT:TPS00001(1.0),Population on 1 January,A,Annual,JAN,Population on 1 January - total,DK,Denmark,2016,,5707251,,,,,
dataflow,ESTAT:TPS00001(1.0),Population on 1 January,A,Annual,JAN,Population on 1 January - total,DK,Denmark,2017,,5748769,,,,,
dataflow,ESTAT:TPS00001(1.0),Population on 1 January,A,Annual,JAN,Population on 1 January - total,DK,Denmark,2018,,5781190,,,,,
dataflow,ESTAT:TPS00001(1.0),Population on 1 January,A,Annual,JAN,Population on 1 January - total,DK,Denmark,2019,,5806081,,,,,
dataflow,ESTAT:TPS00001(1.0),Population on 1 January,A,Annual,JAN,Population on 1 January - total,DK,Denmark,2020,,5822763,,,,,
dataflow,ESTAT:TPS00001(1.0),Population on 1 January,A,Annual,JAN,Population on 1 January - total,DK,Denmark,2021,,5840045,,,,,
dataflow,ESTAT:TPS00001(1.0),Population on 1 January,A,Annual,JAN,Population on 1 January - total,DK,Denmark,2022,,5873420,,,,,
dataflow,ESTAT:TPS00001(1.0),Population on 1 January,A,Annual,JAN,Population on 1 January - total,DK,Denmark,2023,,5932654,,,,,
dataflow,ESTAT:TPS00001(1.0),Population on 1 January,A,Annual,JAN,Population on 1 January - total,DK,Denmark,2024,,5961249,,,,,
dataflow,ESTAT:TPS00001(1.0),Population on 1 January,A,Annual,JAN,Population on 1 January - total,DK,Denmark,2025,,5992734,,,,,
dataflow,ESTAT:TPS00001(1.0),Population on 1 January,A,Annual,JAN,Population on 1 January - total,EE,Estonia,2014,,1315819,,,,,
dataflow,ESTAT:TPS00001(1.0),Population on 1 January,A,Annual,JAN,Population on 1 January - total,EE,Estonia,2015,,1314870,,b,break in time series,,
dataflow,ESTAT:TPS00001(1.0),Population on 1 January,A,Annual,JAN,Population on 1 January - total,EE,Estonia,2016,,1315944,,,,,
dataflow,ESTAT:TPS00001(1.0),Population on 1 January,A,Annual,JAN,Population on 1 January - total,EE,Estonia,2017,,1315635,,,,,
dataflow,ESTAT:TPS00001(1.0),Population on 1 January,A,Annual,JAN,Population on 1 January - total,EE,Estonia,2018,,1319133,,,,,
dataflow,ESTAT:TPS00001(1.0),Population on 1 January,A,Annual,JAN,Population on 1 January - total,EE,Estonia,2019,,1324820,,,,,
dataflow,ESTAT:TPS00001(1.0),Population on 1 January,A,Annual,JAN,Population on 1 January - total,EE,Estonia,2020,,1328976,,,,,
dataflow,ESTAT:TPS00001(1.0),Population on 1 January,A,Annual,JAN,Population on 1 January - total,EE,Estonia,2021,,1330068,,,,,
dataflow,ESTAT:TPS00001(1.0),Population on 1 January,A,Annual,JAN,Population on 1 January - total,EE,Estonia,2022,,1331796,,,,,
dataflow,ESTAT:TPS00001(1.0),Population on 1 January,A,Annual,JAN,Population on 1 January - total,EE,Estonia,2023,,1365884,,,,,
dataflow,ESTAT:TPS00001(1.0),Population on 1 January,A,Annual,JAN,Population on 1 January - total,EE,Estonia,2024,,1374687,,,,,
dataflow,ESTAT:TPS00001(1.0),Population on 1 January,A,Annual,JAN,Population on 1 January - total,EE,Estonia,2025,,1369995,,,,,
dataflow,ESTAT:TPS00001(1.0),Population on 1 January,A,Annual,JAN,Population on 1 January - total,EL,Greece,2014,,10926807,,,,,
dataflow,ESTAT:TPS00001(1.0),Population on 1 January,A,Annual,JAN,Population on 1 January - total,EL,Greece,2015,,10858018,,,,,
dataflow,ESTAT:TPS00001(1.0),Population on 1 January,A,Annual,JAN,Population on 1 January - total,EL,Greece,2016,,10783748,,,,,
dataflow,ESTAT:TPS00001(1.0),Population on 1 January,A,Annual,JAN,Population on 1 January - total,EL,Greece,2017,,10768193,,,,,
dataflow,ESTAT:TPS00001(1.0),Population on 1 January,A,Annual,JAN,Population on 1 January - total,EL,Greece,2018,,10741165,,,,,
dataflow,ESTAT:TPS00001(1.0),Population on 1 January,A,Annual,JAN,Population on 1 January - total,EL,Greece,2019,,10724599,,,,,
dataflow,ESTAT:TPS00001(1.0),Population on 1 January,A,Annual,JAN,Population on 1 January - total,EL,Greece,2020,,10718565,,,,,
dataflow,ESTAT:TPS00001(1.0),Population on 1 January,A,Annual,JAN,Population on 1 January - total,EL,Greece,2021,,10678632,,,,,
dataflow,ESTAT:TPS00001(1.0),Population on 1 January,A,Annual,JAN,Population on 1 January - total,EL,Greece,2022,,10461627,,b,break in time series,,
dataflow,ESTAT:TPS00001(1.0),Population on 1 January,A,Annual,JAN,Population on 1 January - total,EL,Greece,2023,,10413982,,,,,
dataflow,ESTAT:TPS00001(1.0),Population on 1 January,A,Annual,JAN,Population on 1 January - total,EL,Greece,2024,,10400720,,,,,
dataflow,ESTAT:TPS00001(1.0),Population on 1 January,A,Annual,JAN,Population on 1 January - total,EL,Greece,2025,,10409547,,ep,"estimated, provisional",,
dataflow,ESTAT:TPS00001(1.0),Population on 1 January,A,Annual,JAN,Population on 1 January - total,ES,Spain,2014,,46495744,,,,,
dataflow,ESTAT:TPS00001(1.0),Population on 1 January,A,Annual,JAN,Population on 1 January - total,ES,Spain,2015,,46425722,,,,,
dataflow,ESTAT:TPS00001(1.0),Population on 1 January,A,Annual,JAN,Population on 1 January - total,ES,Spain,2016,,46418884,,,,,
dataflow,ESTAT:TPS00001(1.0),Population on 1 January,A,Annual,JAN,Population on 1 January - total,ES,Spain,2017,,46497393,,,,,
dataflow,ESTAT:TPS00001(1.0),Population on 1 January,A,Annual,JAN,Population on 1 January - total,ES,Spain,2018,,46645070,,,,,
dataflow,ESTAT:TPS00001(1.0),Population on 1 January,A,Annual,JAN,Population on 1 January - total,ES,Spain,2019,,46918951,,,,,
dataflow,ESTAT:TPS00001(1.0),Population on 1 January,A,Annual,JAN,Population on 1 January - total,ES,Spain,2020,,47318050,,,,,
dataflow,ESTAT:TPS00001(1.0),Population on 1 January,A,Annual,JAN,Population on 1 January - total,ES,Spain,2021,,47400798,,,,,
dataflow,ESTAT:TPS00001(1.0),Population on 1 January,A,Annual,JAN,Population on 1 January - total,ES,Spain,2022,,47486843,,,,,
dataflow,ESTAT:TPS00001(1.0),Population on 1 January,A,Annual,JAN,Population on 1 January - total,ES,Spain,2023,,48085361,,,,,
dataflow,ESTAT:TPS00001(1.0),Population on 1 January,A,Annual,JAN,Population on 1 January - total,ES,Spain,2024,,48619695,,,,,
dataflow,ESTAT:TPS00001(1.0),Population on 1 January,A,Annual,JAN,Population on 1 January - total,ES,Spain,2025,,49077984,,p,provisional,,
dataflow,ESTAT:TPS00001(1.0),Population on 1 January,A,Annual,JAN,Population on 1 January - total,FI,Finland,2014,,5451270,,,,,
dataflow,ESTAT:TPS00001(1.0),Population on 1 January,A,Annual,JAN,Population on 1 January - total,FI,Finland,2015,,5471753,,,,,
dataflow,ESTAT:TPS00001(1.0),Population on 1 January,A,Annual,JAN,Population on 1 January - total,FI,Finland,2016,,5487308,,,,,
dataflow,ESTAT:TPS00001(1.0),Population on 1 January,A,Annual,JAN,Population on 1 January - total,FI,Finland,2017,,5503297,,,,,
dataflow,ESTAT:TPS00001(1.0),Population on 1 January,A,Annual,JAN,Population on 1 January - total,FI,Finland,2018,,5513130,,,,,
dataflow,ESTAT:TPS00001(1.0),Population on 1 January,A,Annual,JAN,Population on 1 January - total,FI,Finland,2019,,5517919,,,,,
dataflow,ESTAT:TPS00001(1.0),Population on 1 January,A,Annual,JAN,Population on 1 January - total,FI,Finland,2020,,5525292,,,,,
dataflow,ESTAT:TPS00001(1.0),Population on 1 January,A,Annual,JAN,Population on 1 January - total,FI,Finland,2021,,5533793,,,,,
dataflow,ESTAT:TPS00001(1.0),Population on 1 January,A,Annual,JAN,Population on 1 January - total,FI,Finland,2022,,5548241,,,,,
dataflow,ESTAT:TPS00001(1.0),Population on 1 January,A,Annual,JAN,Population on 1 January - total,FI,Finland,2023,,5563970,,,,,
dataflow,ESTAT:TPS00001(1.0),Population on 1 January,A,Annual,JAN,Population on 1 January - total,FI,Finland,2024,,5603851,,,,,
dataflow,ESTAT:TPS00001(1.0),Population on 1 January,A,Annual,JAN,Population on 1 January - total,FI,Finland,2025,,5635971,,,,,
dataflow,ESTAT:TPS00001(1.0),Population on 1 January,A,Annual,JAN,Population on 1 January - total,HR,Croatia,2014,,4217632,,,,,
dataflow,ESTAT:TPS00001(1.0),Population on 1 January,A,Annual,JAN,Population on 1 January - total,HR,Croatia,2015,,4180915,,,,,
dataflow,ESTAT:TPS00001(1.0),Population on 1 January,A,Annual,JAN,Population on 1 January - total,HR,Croatia,2016,,4131115,,,,,
dataflow,ESTAT:TPS00001(1.0),Population on 1 January,A,Annual,JAN,Population on 1 January - total,HR,Croatia,2017,,4078769,,,,,
dataflow,ESTAT:TPS00001(1.0),Population on 1 January,A,Annual,JAN,Population on 1 January - total,HR,Croatia,2018,,4014341,,,,,
dataflow,ESTAT:TPS00001(1.0),Population on 1 January,A,Annual,JAN,Population on 1 January - total,HR,Croatia,2019,,3968676,,,,,
dataflow,ESTAT:TPS00001(1.0),Population on 1 January,A,Annual,JAN,Population on 1 January - total,HR,Croatia,2020,,3933511,,,,,
dataflow,ESTAT:TPS00001(1.0),Population on 1 January,A,Annual,JAN,Population on 1 January - total,HR,Croatia,2021,,3893026,,,,,
dataflow,ESTAT:TPS00001(1.0),Population on 1 January,A,Annual,JAN,Population on 1 January - total,HR,Croatia,2022,,3862305,,,,,
dataflow,ESTAT:TPS00001(1.0),Population on 1 January,A,Annual,JAN,Population on 1 January - total,HR,Croatia,2023,,3850894,,,,,
dataflow,ESTAT:TPS00001(1.0),Population on 1 January,A,Annual,JAN,Population on 1 January - total,HR,Croatia,2024,,3861967,,,,,
dataflow,ESTAT:TPS00001(1.0),Population on 1 January,A,Annual,JAN,Population on 1 January - total,HR,Croatia,2025,,3874350,,,,,
dataflow,ESTAT:TPS00001(1.0),Population on 1 January,A,Annual,JAN,Population on 1 January - total,HU,Hungary,2014,,9850217,,,,,
dataflow,ESTAT:TPS00001(1.0),Population on 1 January,A,Annual,JAN,Population on 1 January - total,HU,Hungary,2015,,9815858,,,,,
dataflow,ESTAT:TPS00001(1.0),Population on 1 January,A,Annual,JAN,Population on 1 January - total,HU,Hungary,2016,,9779652,,,,,
dataflow,ESTAT:TPS00001(1.0),Population on 1 January,A,Annual,JAN,Population on 1 January - total,HU,Hungary,2017,,9739857,,,,,
dataflow,ESTAT:TPS00001(1.0),Population on 1 January,A,Annual,JAN,Population on 1 January - total,HU,Hungary,2018,,9713655,,,,,
dataflow,ESTAT:TPS00001(1.0),Population on 1 January,A,Annual,JAN,Population on 1 January - total,HU,Hungary,2019,,9700272,,,,,
dataflow,ESTAT:TPS00001(1.0),Population on 1 January,A,Annual,JAN,Population on 1 January - total,HU,Hungary,2020,,9689376,,,,,
dataflow,ESTAT:TPS00001(1.0),Population on 1 January,A,Annual,JAN,Population on 1 January - total,HU,Hungary,2021,,9651461,,,,,
dataflow,ESTAT:TPS00001(1.0),Population on 1 January,A,Annual,JAN,Population on 1 January - total,HU,Hungary,2022,,9610403,,,,,
dataflow,ESTAT:TPS00001(1.0),Population on 1 January,A,Annual,JAN,Population on 1 January - total,HU,Hungary,2023,,9599744,,,,,
dataflow,ESTAT:TPS00001(1.0),Population on 1 January,A,Annual,JAN,Population on 1 January - total,HU,Hungary,2024,,9584627,,,,,
dataflow,ESTAT:TPS00001(1.0),Population on 1 January,A,Annual,JAN,Population on 1 January - total,HU,Hungary,2025,,9539502,,,,,
dataflow,ESTAT:TPS00001(1.0),Population on 1 January,A,Annual,JAN,Population on 1 January - total,IE,Ireland,2014,,4637852,,,,,
dataflow,ESTAT:TPS00001(1.0),Population on 1 January,A,Annual,JAN,Population on 1 January - total,IE,Ireland,2015,,4677627,,,,,
dataflow,ESTAT:TPS00001(1.0),Population on 1 January,A,Annual,JAN,Population on 1 January - total,IE,Ireland,2016,,4726286,,,,,
dataflow,ESTAT:TPS00001(1.0),Population on 1 January,A,Annual,JAN,Population on 1 January - total,IE,Ireland,2017,,4799157,,,,,
dataflow,ESTAT:TPS00001(1.0),Population on 1 January,A,Annual,JAN,Population on 1 January - total,IE,Ireland,2018,,4855733,,,,,
dataflow,ESTAT:TPS00001(1.0),Population on 1 January,A,Annual,JAN,Population on 1 January - total,IE,Ireland,2019,,4940311,,,,,
dataflow,ESTAT:TPS00001(1.0),Population on 1 January,A,Annual,JAN,Population on 1 January - total,IE,Ireland,2020,,5012600,,,,,
dataflow,ESTAT:TPS00001(1.0),Population on 1 January,A,Annual,JAN,Population on 1 January - total,IE,Ireland,2021,,5066893,,,,,
dataflow,ESTAT:TPS00001(1.0),Population on 1 January,A,Annual,JAN,Population on 1 January - total,IE,Ireland,2022,,5154277,,,,,
dataflow,ESTAT:TPS00001(1.0),Population on 1 January,A,Annual,JAN,Population on 1 January - total,IE,Ireland,2023,,5271395,,,,,
dataflow,ESTAT:TPS00001(1.0),Population on 1 January,A,Annual,JAN,Population on 1 January - total,IE,Ireland,2024,,5351681,,,,,
dataflow,ESTAT:TPS00001(1.0),Population on 1 January,A,Annual,JAN,Population on 1 January - total,IE,Ireland,2025,,5439898,,,,,
dataflow,ESTAT:TPS00001(1.0),Population on 1 January,A,Annual,JAN,Population on 1 January - total,IT,Italy,2014,,60345917,,,,,
dataflow,ESTAT:TPS00001(1.0),Population on 1 January,A,Annual,JAN,Population on 1 January - total,IT,Italy,2015,,60295497,,,,,
dataflow,ESTAT:TPS00001(1.0),Population on 1 January,A,Annual,JAN,Population on 1 January - total,IT,Italy,2016,,60163712,,,,,
dataflow,ESTAT:TPS00001(1.0),Population on 1 January,A,Annual,JAN,Population on 1 January - total,IT,Italy,2017,,60066734,,,,,
dataflow,ESTAT:TPS00001(1.0),Population on 1 January,A,Annual,JAN,Population on 1 January - total,IT,Italy,2018,,59937769,,,,,
dataflow,ESTAT:TPS00001(1.0),Population on 1 January,A,Annual,JAN,Population on 1 January - total,IT,Italy,2019,,59816673,,,,,
dataflow,ESTAT:TPS00001(1.0),Population on 1 January,A,Annual,JAN,Population on 1 January - total,IT,Italy,2020,,59641488,,,,,
dataflow,ESTAT:TPS00001(1.0),Population on 1 January,A,Annual,JAN,Population on 1 January - total,IT,Italy,2021,,59236213,,,,,
dataflow,ESTAT:TPS00001(1.0),Population on 1 January,A,Annual,JAN,Population on 1 January - total,IT,Italy,2022,,59030133,,,,,
dataflow,ESTAT:TPS00001(1.0),Population on 1 January,A,Annual,JAN,Population on 1 January - total,IT,Italy,2023,,58997201,,,,,
dataflow,ESTAT:TPS00001(1.0),Population on 1 January,A,Annual,JAN,Population on 1 January - total,IT,Italy,2024,,58971230,,,,,
dataflow,ESTAT:TPS00001(1.0),Population on 1 January,A,Annual,JAN,Population on 1 January - total,IT,Italy,2025,,58934177,,p,provisional,,
dataflow,ESTAT:TPS00001(1.0),Population on 1 January,A,Annual,JAN,Population on 1 January - total,LT,Lithuania,2014,,2947862,,,,,
dataflow,ESTAT:TPS00001(1.0),Population on 1 January,A,Annual,JAN,Population on 1 January - total,LT,Lithuania,2015,,2926644,,,,,
dataflow,ESTAT:TPS00001(1.0),Population on 1 January,A,Annual,JAN,Population on 1 January - total,LT,Lithuania,2016,,2895573,,,,,
dataflow,ESTAT:TPS00001(1.0),Population on 1 January,A,Annual,JAN,Population on 1 January - total,LT,Lithuania,2017,,2859077,,,,,
dataflow,ESTAT:TPS00001(1.0),Population on 1 January,A,Annual,JAN,Population on 1 January - total,LT,Lithuania,2018,,2826200,,,,,
dataflow,ESTAT:TPS00001(1.0),Population on 1 January,A,Annual,JAN,Population on 1 January - total,LT,Lithuania,2019,,2812200,,,,,
dataflow,ESTAT:TPS00001(1.0),Population on 1 January,A,Annual,JAN,Population on 1 January - total,LT,Lithuania,2020,,2809977,,,,,
dataflow,ESTAT:TPS00001(1.0),Population on 1 January,A,Annual,JAN,Population on 1 January - total,LT,Lithuania,2021,,2810761,,,,,
dataflow,ESTAT:TPS00001(1.0),Population on 1 January,A,Annual,JAN,Population on 1 January - total,LT,Lithuania,2022,,2805998,,,,,
dataflow,ESTAT:TPS00001(1.0),Population on 1 January,A,Annual,JAN,Population on 1 January - total,LT,Lithuania,2023,,2857279,,,,,
dataflow,ESTAT:TPS00001(1.0),Population on 1 January,A,Annual,JAN,Population on 1 January - total,LT,Lithuania,2024,,2885891,,,,,
dataflow,ESTAT:TPS00001(1.0),Population on 1 January,A,Annual,JAN,Population on 1 January - total,LT,Lithuania,2025,,2890664,,,,,
dataflow,ESTAT:TPS00001(1.0),Population on 1 January,A,Annual,JAN,Population on 1 January - total,LU,Luxembourg,2014,,549680,,,,,
dataflow,ESTAT:TPS00001(1.0),Population on 1 January,A,Annual,JAN,Population on 1 January - total,LU,Luxembourg,2015,,562958,,,,,
dataflow,ESTAT:TPS00001(1.0),Population on 1 January,A,Annual,JAN,Population on 1 January - total,LU,Luxembourg,2016,,576249,,,,,
dataflow,ESTAT:TPS00001(1.0),Population on 1 January,A,Annual,JAN,Population on 1 January - total,LU,Luxembourg,2017,,590667,,b,break in time series,,
dataflow,ESTAT:TPS00001(1.0),Population on 1 January,A,Annual,JAN,Population on 1 January - total,LU,Luxembourg,2018,,602005,,,,,
dataflow,ESTAT:TPS00001(1.0),Population on 1 January,A,Annual,JAN,Population on 1 January - total,LU,Luxembourg,2019,,613894,,,,,
dataflow,ESTAT:TPS00001(1.0),Population on 1 January,A,Annual,JAN,Population on 1 January - total,LU,Luxembourg,2020,,626108,,,,,
dataflow,ESTAT:TPS00001(1.0),Population on 1 January,A,Annual,JAN,Population on 1 January - total,LU,Luxembourg,2021,,634730,,,,,
dataflow,ESTAT:TPS00001(1.0),Population on 1 January,A,Annual,JAN,Population on 1 January - total,LU,Luxembourg,2022,,645397,,,,,
dataflow,ESTAT:TPS00001(1.0),Population on 1 January,A,Annual,JAN,Population on 1 January - total,LU,Luxembourg,2023,,660809,,,,,
dataflow,ESTAT:TPS00001(1.0),Population on 1 January,A,Annual,JAN,Population on 1 January - total,LU,Luxembourg,2024,,672050,,,,,
dataflow,ESTAT:TPS00001(1.0),Population on 1 January,A,Annual,JAN,Population on 1 January - total,LU,Luxembourg,2025,,681973,,,,,
dataflow,ESTAT:TPS00001(1.0),Population on 1 January,A,Annual,JAN,Population on 1 January - total,LV,Latvia,2014,,2001468,,,,,
dataflow,ESTAT:TPS00001(1.0),Population on 1 January,A,Annual,JAN,Population on 1 January - total,LV,Latvia,2015,,1986096,,,,,
dataflow,ESTAT:TPS00001(1.0),Population on 1 January,A,Annual,JAN,Population on 1 January - total,LV,Latvia,2016,,1968957,,,,,
dataflow,ESTAT:TPS00001(1.0),Population on 1 January,A,Annual,JAN,Population on 1 January - total,LV,Latvia,2017,,1950116,,,,,
dataflow,ESTAT:TPS00001(1.0),Population on 1 January,A,Annual,JAN,Population on 1 January - total,LV,Latvia,2018,,1934379,,,,,
dataflow,ESTAT:TPS00001(1.0),Population on 1 January,A,Annual,JAN,Population on 1 January - total,LV,Latvia,2019,,1919968,,,,,
dataflow,ESTAT:TPS00001(1.0),Population on 1 January,A,Annual,JAN,Population on 1 January - total,LV,Latvia,2020,,1907675,,,,,
dataflow,ESTAT:TPS00001(1.0),Population on 1 January,A,Annual,JAN,Population on 1 January - total,LV,Latvia,2021,,1893223,,,,,
dataflow,ESTAT:TPS00001(1.0),Population on 1 January,A,Annual,JAN,Population on 1 January - total,LV,Latvia,2022,,1875757,,,,,
dataflow,ESTAT:TPS00001(1.0),Population on 1 January,A,Annual,JAN,Population on 1 January - total,LV,Latvia,2023,,1892103,,,,,
dataflow,ESTAT:TPS00001(1.0),Population on 1 January,A,Annual,JAN,Population on 1 January - total,LV,Latvia,2024,,1875316,,,,,
dataflow,ESTAT:TPS00001(1.0),Population on 1 January,A,Annual,JAN,Population on 1 January - total,LV,Latvia,2025,,1856932,,,,,
dataflow,ESTAT:TPS00001(1.0),Population on 1 January,A,Annual,JAN,Population on 1 January - total,MT,Malta,2014,,428156,,,,,
dataflow,ESTAT:TPS00001(1.0),Population on 1 January,A,Annual,JAN,Population on 1 January - total,MT,Malta,2015,,438805,,,,,
dataflow,ESTAT:TPS00001(1.0),Population on 1 January,A,Annual,JAN,Population on 1 January - total,MT,Malta,2016,,449635,,,,,
dataflow,ESTAT:TPS00001(1.0),Population on 1 January,A,Annual,JAN,Population on 1 January - total,MT,Malta,2017,,459375,,,,,
dataflow,ESTAT:TPS00001(1.0),Population on 1 January,A,Annual,JAN,Population on 1 January - total,MT,Malta,2018,,474837,,,,,
dataflow,ESTAT:TPS00001(1.0),Population on 1 January,A,Annual,JAN,Population on 1 January - total,MT,Malta,2019,,492968,,,,,
dataflow,ESTAT:TPS00001(1.0),Population on 1 January,A,Annual,JAN,Population on 1 January - total,MT,Malta,2020,,514855,,,,,
dataflow,ESTAT:TPS00001(1.0),Population on 1 January,A,Annual,JAN,Population on 1 January - total,MT,Malta,2021,,516125,,,,,
dataflow,ESTAT:TPS00001(1.0),Population on 1 January,A,Annual,JAN,Population on 1 January - total,MT,Malta,2022,,520174,,,,,
dataflow,ESTAT:TPS00001(1.0),Population on 1 January,A,Annual,JAN,Population on 1 January - total,MT,Malta,2023,,542051,,,,,
dataflow,ESTAT:TPS00001(1.0),Population on 1 January,A,Annual,JAN,Population on 1 January - total,MT,Malta,2024,,563443,,,,,
dataflow,ESTAT:TPS00001(1.0),Population on 1 January,A,Annual,JAN,Population on 1 January - total,MT,Malta,2025,,574250,,,,,
dataflow,ESTAT:TPS00001(1.0),Population on 1 January,A,Annual,JAN,Population on 1 January - total,NL,Netherlands,2014,,16829289,,,,,
dataflow,ESTAT:TPS00001(1.0),Population on 1 January,A,Annual,JAN,Population on 1 January - total,NL,Netherlands,2015,,16900726,,,,,
dataflow,ESTAT:TPS00001(1.0),Population on 1 January,A,Annual,JAN,Population on 1 January - total,NL,Netherlands,2016,,16979120,,,,,
dataflow,ESTAT:TPS00001(1.0),Population on 1 January,A,Annual,JAN,Population on 1 January - total,NL,Netherlands,2017,,17081507,,,,,
dataflow,ESTAT:TPS00001(1.0),Population on 1 January,A,Annual,JAN,Population on 1 January - total,NL,Netherlands,2018,,17181084,,,,,
dataflow,ESTAT:TPS00001(1.0),Population on 1 January,A,Annual,JAN,Population on 1 January - total,NL,Netherlands,2019,,17282163,,,,,
dataflow,ESTAT:TPS00001(1.0),Population on 1 January,A,Annual,JAN,Population on 1 January - total,NL,Netherlands,2020,,17407585,,,,,
dataflow,ESTAT:TPS00001(1.0),Population on 1 January,A,Annual,JAN,Population on 1 January - total,NL,Netherlands,2021,,17475415,,,,,
dataflow,ESTAT:TPS00001(1.0),Population on 1 January,A,Annual,JAN,Population on 1 January - total,NL,Netherlands,2022,,17590672,,,,,
dataflow,ESTAT:TPS00001(1.0),Population on 1 January,A,Annual,JAN,Population on 1 January - total,NL,Netherlands,2023,,17811291,,,,,
dataflow,ESTAT:TPS00001(1.0),Population on 1 January,A,Annual,JAN,Population on 1 January - total,NL,Netherlands,2024,,17942942,,,,,
dataflow,ESTAT:TPS00001(1.0),Population on 1 January,A,Annual,JAN,Population on 1 January - total,NL,Netherlands,2025,,18044027,,,,,
dataflow,ESTAT:TPS00001(1.0),Population on 1 January,A,Annual,JAN,Population on 1 January - total,PL,Poland,2014,,38017856,,,,,
dataflow,ESTAT:TPS00001(1.0),Population on 1 January,A,Annual,JAN,Population on 1 January - total,PL,Poland,2015,,38005614,,,,,
dataflow,ESTAT:TPS00001(1.0),Population on 1 January,A,Annual,JAN,Population on 1 January - total,PL,Poland,2016,,37967209,,,,,
dataflow,ESTAT:TPS00001(1.0),Population on 1 January,A,Annual,JAN,Population on 1 January - total,PL,Poland,2017,,37972964,,,,,
dataflow,ESTAT:TPS00001(1.0),Population on 1 January,A,Annual,JAN,Population on 1 January - total,PL,Poland,2018,,37976687,,e,estimated,,
dataflow,ESTAT:TPS00001(1.0),Population on 1 January,A,Annual,JAN,Population on 1 January - total,PL,Poland,2019,,37972812,,,,,
dataflow,ESTAT:TPS00001(1.0),Population on 1 January,A,Annual,JAN,Population on 1 January - total,PL,Poland,2020,,37958138,,e,estimated,,
dataflow,ESTAT:TPS00001(1.0),Population on 1 January,A,Annual,JAN,Population on 1 January - total,PL,Poland,2021,,37073357,,b,break in time series,,
dataflow,ESTAT:TPS00001(1.0),Population on 1 January,A,Annual,JAN,Population on 1 January - total,PL,Poland,2022,,36889761,,,,,
dataflow,ESTAT:TPS00001(1.0),Population on 1 January,A,Annual,JAN,Population on 1 January - total,PL,Poland,2023,,36753736,,,,,
dataflow,ESTAT:TPS00001(1.0),Population on 1 January,A,Annual,JAN,Population on 1 January - total,PL,Poland,2024,,36620970,,,,,
dataflow,ESTAT:TPS00001(1.0),Population on 1 January,A,Annual,JAN,Population on 1 January - total,PL,Poland,2025,,36497495,,,,,
dataflow,ESTAT:TPS00001(1.0),Population on 1 January,A,Annual,JAN,Population on 1 January - total,PT,Portugal,2014,,10444092,,,,,
dataflow,ESTAT:TPS00001(1.0),Population on 1 January,A,Annual,JAN,Population on 1 January - total,PT,Portugal,2015,,10395121,,,,,
dataflow,ESTAT:TPS00001(1.0),Population on 1 January,A,Annual,JAN,Population on 1 January - total,PT,Portugal,2016,,10368554,,,,,
dataflow,ESTAT:TPS00001(1.0),Population on 1 January,A,Annual,JAN,Population on 1 January - total,PT,Portugal,2017,,10344478,,,,,
dataflow,ESTAT:TPS00001(1.0),Population on 1 January,A,Annual,JAN,Population on 1 January - total,PT,Portugal,2018,,10335770,,,,,
dataflow,ESTAT:TPS00001(1.0),Population on 1 January,A,Annual,JAN,Population on 1 January - total,PT,Portugal,2019,,10333496,,,,,
dataflow,ESTAT:TPS00001(1.0),Population on 1 January,A,Annual,JAN,Population on 1 January - total,PT,Portugal,2020,,10375395,,,,,
dataflow,ESTAT:TPS00001(1.0),Population on 1 January,A,Annual,JAN,Population on 1 January - total,PT,Portugal,2021,,10394297,,,,,
dataflow,ESTAT:TPS00001(1.0),Population on 1 January,A,Annual,JAN,Population on 1 January - total,PT,Portugal,2022,,10421117,,,,,
dataflow,ESTAT:TPS00001(1.0),Population on 1 January,A,Annual,JAN,Population on 1 January - total,PT,Portugal,2023,,10516621,,,,,
dataflow,ESTAT:TPS00001(1.0),Population on 1 January,A,Annual,JAN,Population on 1 January - total,PT,Portugal,2024,,10639726,,,,,
dataflow,ESTAT:TPS00001(1.0),Population on 1 January,A,Annual,JAN,Population on 1 January - total,PT,Portugal,2025,,10749635,,,,,
dataflow,ESTAT:TPS00001(1.0),Population on 1 January,A,Annual,JAN,Population on 1 January - total,RO,Romania,2014,,19947311,,,,,
dataflow,ESTAT:TPS00001(1.0),Population on 1 January,A,Annual,JAN,Population on 1 January - total,RO,Romania,2015,,19870647,,,,,
dataflow,ESTAT:TPS00001(1.0),Population on 1 January,A,Annual,JAN,Population on 1 January - total,RO,Romania,2016,,19760585,,,,,
dataflow,ESTAT:TPS00001(1.0),Population on 1 January,A,Annual,JAN,Population on 1 January - total,RO,Romania,2017,,19643949,,,,,
dataflow,ESTAT:TPS00001(1.0),Population on 1 January,A,Annual,JAN,Population on 1 January - total,RO,Romania,2018,,19533481,,,,,
dataflow,ESTAT:TPS00001(1.0),Population on 1 January,A,Annual,JAN,Population on 1 January - total,RO,Romania,2019,,19414458,,,,,
dataflow,ESTAT:TPS00001(1.0),Population on 1 January,A,Annual,JAN,Population on 1 January - total,RO,Romania,2020,,19328838,,e,estimated,,
dataflow,ESTAT:TPS00001(1.0),Population on 1 January,A,Annual,JAN,Population on 1 January - total,RO,Romania,2021,,19201662,,,,,
dataflow,ESTAT:TPS00001(1.0),Population on 1 January,A,Annual,JAN,Population on 1 January - total,RO,Romania,2022,,19042455,,e,estimated,,
dataflow,ESTAT:TPS00001(1.0),Population on 1 January,A,Annual,JAN,Population on 1 January - total,RO,Romania,2023,,19054548,,e,estimated,,
dataflow,ESTAT:TPS00001(1.0),Population on 1 January,A,Annual,JAN,Population on 1 January - total,RO,Romania,2024,,19067576,,e,estimated,,
dataflow,ESTAT:TPS00001(1.0),Population on 1 January,A,Annual,JAN,Population on 1 January - total,RO,Romania,2025,,19036031,,e,estimated,,
dataflow,ESTAT:TPS00001(1.0),Population on 1 January,A,Annual,JAN,Population on 1 January - total,RS,Serbia,2014,,7146759,,,,,
dataflow,ESTAT:TPS00001(1.0),Population on 1 January,A,Annual,JAN,Population on 1 January - total,RS,Serbia,2015,,7114393,,,,,
dataflow,ESTAT:TPS00001(1.0),Population on 1 January,A,Annual,JAN,Population on 1 January - total,RS,Serbia,2016,,7076372,,,,,
dataflow,ESTAT:TPS00001(1.0),Population on 1 January,A,Annual,JAN,Population on 1 January - total,RS,Serbia,2017,,7040272,,,,,
dataflow,ESTAT:TPS00001(1.0),Population on 1 January,A,Annual,JAN,Population on 1 January - total,RS,Serbia,2018,,7001444,,,,,
dataflow,ESTAT:TPS00001(1.0),Population on 1 January,A,Annual,JAN,Population on 1 January - total,RS,Serbia,2019,,6963764,,,,,
dataflow,ESTAT:TPS00001(1.0),Population on 1 January,A,Annual,JAN,Population on 1 January - total,RS,Serbia,2020,,6926705,,,,,
dataflow,ESTAT:TPS00001(1.0),Population on 1 January,A,Annual,JAN,Population on 1 January - total,RS,Serbia,2021,,6871547,,,,,
dataflow,ESTAT:TPS00001(1.0),Population on 1 January,A,Annual,JAN,Population on 1 January - total,RS,Serbia,2022,,6797105,,,,,
dataflow,ESTAT:TPS00001(1.0),Population on 1 January,A,Annual,JAN,Population on 1 January - total,RS,Serbia,2023,,6641197,,,,,
dataflow,ESTAT:TPS00001(1.0),Population on 1 January,A,Annual,JAN,Population on 1 January - total,RS,Serbia,2024,,6605168,,,,,
dataflow,ESTAT:TPS00001(1.0),Population on 1 January,A,Annual,JAN,Population on 1 January - total,RS,Serbia,2025,,6567783,,,,,
dataflow,ESTAT:TPS00001(1.0),Population on 1 January,A,Annual,JAN,Population on 1 January - total,SE,Sweden,2014,,9644864,,,,,
dataflow,ESTAT:TPS00001(1.0),Population on 1 January,A,Annual,JAN,Population on 1 January - total,SE,Sweden,2015,,9747355,,,,,
dataflow,ESTAT:TPS00001(1.0),Population on 1 January,A,Annual,JAN,Population on 1 January - total,SE,Sweden,2016,,9851017,,,,,
dataflow,ESTAT:TPS00001(1.0),Population on 1 January,A,Annual,JAN,Population on 1 January - total,SE,Sweden,2017,,9995153,,,,,
dataflow,ESTAT:TPS00001(1.0),Population on 1 January,A,Annual,JAN,Population on 1 January - total,SE,Sweden,2018,,10120242,,,,,
dataflow,ESTAT:TPS00001(1.0),Population on 1 January,A,Annual,JAN,Population on 1 January - total,SE,Sweden,2019,,10230185,,,,,
dataflow,ESTAT:TPS00001(1.0),Population on 1 January,A,Annual,JAN,Population on 1 January - total,SE,Sweden,2020,,10327589,,,,,
dataflow,ESTAT:TPS00001(1.0),Population on 1 January,A,Annual,JAN,Population on 1 January - total,SE,Sweden,2021,,10379295,,,,,
dataflow,ESTAT:TPS00001(1.0),Population on 1 January,A,Annual,JAN,Population on 1 January - total,SE,Sweden,2022,,10452326,,,,,
dataflow,ESTAT:TPS00001(1.0),Population on 1 January,A,Annual,JAN,Population on 1 January - total,SE,Sweden,2023,,10521556,,,,,
dataflow,ESTAT:TPS00001(1.0),Population on 1 January,A,Annual,JAN,Population on 1 January - total,SE,Sweden,2024,,10551707,,,,,
dataflow,ESTAT:TPS00001(1.0),Population on 1 January,A,Annual,JAN,Population on 1 January - total,SE,Sweden,2025,,10587710,,,,,
dataflow,ESTAT:TPS00001(1.0),Population on 1 January,A,Annual,JAN,Population on 1 January - total,SI,Slovenia,2014,,2061085,,,,,
dataflow,ESTAT:TPS00001(1.0),Population on 1 January,A,Annual,JAN,Population on 1 January - total,SI,Slovenia,2015,,2062874,,,,,
dataflow,ESTAT:TPS00001(1.0),Population on 1 January,A,Annual,JAN,Population on 1 January - total,SI,Slovenia,2016,,2064188,,,,,
dataflow,ESTAT:TPS00001(1.0),Population on 1 January,A,Annual,JAN,Population on 1 January - total,SI,Slovenia,2017,,2065895,,,,,
dataflow,ESTAT:TPS00001(1.0),Population on 1 January,A,Annual,JAN,Population on 1 January - total,SI,Slovenia,2018,,2066880,,,,,
dataflow,ESTAT:TPS00001(1.0),Population on 1 January,A,Annual,JAN,Population on 1 January - total,SI,Slovenia,2019,,2080908,,,,,
dataflow,ESTAT:TPS00001(1.0),Population on 1 January,A,Annual,JAN,Population on 1 January - total,SI,Slovenia,2020,,2095861,,,,,
dataflow,ESTAT:TPS00001(1.0),Population on 1 January,A,Annual,JAN,Population on 1 January - total,SI,Slovenia,2021,,2108977,,,,,
dataflow,ESTAT:TPS00001(1.0),Population on 1 January,A,Annual,JAN,Population on 1 January - total,SI,Slovenia,2022,,2107180,,,,,
dataflow,ESTAT:TPS00001(1.0),Population on 1 January,A,Annual,JAN,Population on 1 January - total,SI,Slovenia,2023,,2116972,,,,,
dataflow,ESTAT:TPS00001(1.0),Population on 1 January,A,Annual,JAN,Population on 1 January - total,SI,Slovenia,2024,,2123949,,,,,
dataflow,ESTAT:TPS00001(1.0),Population on 1 January,A,Annual,JAN,Population on 1 January - total,SI,Slovenia,2025,,2130850,,,,,
dataflow,ESTAT:TPS00001(1.0),Population on 1 January,A,Annual,JAN,Population on 1 January - total,SK,Slovakia,2014,,5415949,,,,,
dataflow,ESTAT:TPS00001(1.0),Population on 1 January,A,Annual,JAN,Population on 1 January - total,SK,Slovakia,2015,,5421349,,,,,
dataflow,ESTAT:TPS00001(1.0),Population on 1 January,A,Annual,JAN,Population on 1 January - total,SK,Slovakia,2016,,5426252,,,,,
dataflow,ESTAT:TPS00001(1.0),Population on 1 January,A,Annual,JAN,Population on 1 January - total,SK,Slovakia,2017,,5435343,,,,,
dataflow,ESTAT:TPS00001(1.0),Population on 1 January,A,Annual,JAN,Population on 1 January - total,SK,Slovakia,2018,,5443120,,,,,
dataflow,ESTAT:TPS00001(1.0),Population on 1 January,A,Annual,JAN,Population on 1 January - total,SK,Slovakia,2019,,5450421,,,,,
dataflow,ESTAT:TPS00001(1.0),Population on 1 January,A,Annual,JAN,Population on 1 January - total,SK,Slovakia,2020,,5457873,,,,,
dataflow,ESTAT:TPS00001(1.0),Population on 1 January,A,Annual,JAN,Population on 1 January - total,SK,Slovakia,2021,,5459781,,,,,
dataflow,ESTAT:TPS00001(1.0),Population on 1 January,A,Annual,JAN,Population on 1 January - total,SK,Slovakia,2022,,5434712,,,,,
dataflow,ESTAT:TPS00001(1.0),Population on 1 January,A,Annual,JAN,Population on 1 January - total,SK,Slovakia,2023,,5428792,,,,,
dataflow,ESTAT:TPS00001(1.0),Population on 1 January,A,Annual,JAN,Population on 1 January - total,SK,Slovakia,2024,,5424687,,,,,
dataflow,ESTAT:TPS00001(1.0),Population on 1 January,A,Annual,JAN,Population on 1 January - total,SK,Slovakia,2025,,5419451,,,,,
