STRUCTURE,STRUCTURE_ID,STRUCTURE_NAME,freq,Time frequency,unit,Unit of measure,icha11_hc,Classification of health care functions - SHA 2011,geo,Geopolitical entity (reporting),TIME_PERIOD,Time,OBS_VALUE,Observation value,OBS_FLAG,Observation status (Flag) V2 structure,CONF_STATUS,Confidentiality status (flag)
dataflow,ESTAT:TPS00207(1.0),Total health care expenditure,A,Annual,PPS_HAB,Purchasing power standard (PPS) per inhabitant,TOT_HC,Current health care expenditure (CHE),AT,Austria,2013,,3509.3,,,,,
dataflow,ESTAT:TPS00207(1.0),Total health care expenditure,A,Annual,PPS_HAB,Purchasing power standard (PPS) per inhabitant,TOT_HC,Current health care expenditure (CHE),AT,Austria,2014,,3571.85,,,,,
dataflow,ESTAT:TPS00207(1.0),Total health care expenditure,A,Annual,PPS_HAB,Purchasing power standard (PPS) per inhabitant,TOT_HC,Current health care expenditure (CHE),AT,Austria,2015,,3650.39,,,,,
dataflow,ESTAT:TPS00207(1.0),Total health care expenditure,A,Annual,PPS_HAB,Purchasing power standard (PPS) per inhabitant,TOT_HC,Current health care expenditure (CHE),AT,Austria,2016,,3717.11,,,,,
dataflow,ESTAT:TPS00207(1.0),Total health care expenditure,A,Annual,PPS_HAB,Purchasing power standard (PPS) per inhabitant,TOT_HC,Current health care expenditure (CHE),AT,Austria,2017,,3790.16,,,,,
dataflow,ESTAT:TPS00207(1.0),Total health care expenditure,A,Annual,PPS_HAB,Purchasing power standard (PPS) per inhabitant,TOT_HC,Current health care expenditure (CHE),AT,Austria,2018,,3890.73,,,,,
dataflow,ESTAT:TPS00207(1.0),Total health care expenditure,A,Annual,PPS_HAB,Purchasing power standard (PPS) per inhabitant,TOT_HC,Current health care expenditure (CHE),AT,Austria,2019,,4004.4,,,,,
dataflow,ESTAT:TPS00207(1.0),Total health care expenditure,A,Annual,PPS_HAB,Purchasing power standard (PPS) per inhabitant,TOT_HC,Current health care expenditure (CHE),AT,Austria,2020,,4094.71,,,,,
dataflow,ESTAT:TPS00207(1.0),Total health care expenditure,A,Annual,PPS_HAB,Purchasing power standard (PPS) per inhabitant,TOT_HC,Current health care expenditure (CHE),AT,Austria,2021,,4789.04,,,,,
dataflow,ESTAT:TPS00207(1.0),Total health care expenditure,A,Annual,PPS_HAB,Purchasing power standard (PPS) per inhabitant,TOT_HC,Current health care expenditure (CHE),AT,Austria,2022,,4834.15,,,,,
dataflow,ESTAT:TPS00207(1.0),Total health care expenditure,A,Annual,PPS_HAB,Purchasing power standard (PPS) per inhabitant,TOT_HC,Current health care expenditure (CHE),AT,Austria,2023,,4900.58,,,,,
dataflow,ESTAT:TPS00207(1.0),Total health care expenditure,A,Annual,PPS_HAB,Purchasing power standard (PPS) per inhabitant,TOT_HC,Current health care expenditure (CHE),AT,Austria,2024,,5192.14,,p,provisional,,
dataflow,ESTAT:TPS00207(1.0),Total health care expenditure,A,Annual,PPS_HAB,Purchasing power standard (PPS) per inhabitant,TOT_HC,Current health care expenditure (CHE),BE,Belgium,2013,,3293.27,,,,,
dataflow,ESTAT:TPS00207(1.0),Total health care expenditure,A,Annual,PPS_HAB,Purchasing power standard (PPS) per inhabitant,TOT_HC,Current health care expenditure (CHE),BE,Belgium,2014,,3382.42,,,,,
dataflow,ESTAT:TPS00207(1.0),Total health care expenditure,A,Annual,PPS_HAB,Purchasing power standard (PPS) per inhabitant,TOT_HC,Current health care expenditure (CHE),BE,Belgium,2015,,3547.85,,,,,
dataflow,ESTAT:TPS00207(1.0),Total health care expenditure,A,Annual,PPS_HAB,Purchasing power standard (PPS) per inhabitant,TOT_HC,Current health care expenditure (CHE),BE,Belgium,2016,,3570.8,,,,,
dataflow,ESTAT:TPS00207(1.0),Total health care expenditure,A,Annual,PPS_HAB,Purchasing power standard (PPS) per inhabitant,TOT_HC,Current health care expenditure (CHE),BE,Belgium,2017,,3656.97,,,,,
dataflow,ESTAT:TPS00207(1.0),Total health care expenditure,A,Annual,PPS_HAB,Purchasing power standard (PPS) per inhabitant,TOT_HC,Current health care expenditure (CHE),BE,Belgium,2018,,3773.38,,,,,
dataflow,ESTAT:TPS00207(1.0),Total health care expenditure,A,Annual,PPS_HAB,Purchasing power standard (PPS) per inhabitant,TOT_HC,Current health care expenditure (CHE),BE,Belgium,2019,,3868.81,,,,,
dataflow,ESTAT:TPS00207(1.0),Total health care expenditure,A,Annual,PPS_HAB,Purchasing power standard (PPS) per inhabitant,TOT_HC,Current health care expenditure (CHE),BE,Belgium,2020,,3965.51,,,,,
dataflow,ESTAT:TPS00207(1.0),Total health care expenditure,A,Annual,PPS_HAB,Purchasing power standard (PPS) per inhabitant,TOT_HC,Current health care expenditure (CHE),BE,Belgium,2021,,4204.69,,,,,
dataflow,ESTAT:TPS00207(1.0),Total health care expenditure,A,Annual,PPS_HAB,Purchasing power standard (PPS) per inhabitant,TOT_HC,Current health care expenditure (CHE),BE,Belgium,2022,,4335.65,,,,,
dataflow,ESTAT:TPS00207(1.0),Total health care expenditure,A,Annual,PPS_HAB,Purchasing power standard (PPS) per inhabitant,TOT_HC,Current health care expenditure (CHE),BE,Belgium,2023,,4569.83,,,,,
dataflow,ESTAT:TPS00207(1.0),Total health care expenditure,A,Annual,PPS_HAB,Purchasing power standard (PPS) per inhabitant,TOT_HC,Current health care expenditure (CHE),BG,Bulgaria,2013,,471.87,,,,,
dataflow,ESTAT:TPS00207(1.0),Total health care expenditure,A,Annual,PPS_HAB,Purchasing power standard (PPS) per inhabitant,TOT_HC,Current health care expenditure (CHE),BG,Bulgaria,2014,,538.11,,,,,
dataflow,ESTAT:TPS00207(1.0),Total health care expenditure,A,Annual,PPS_HAB,Purchasing power standard (PPS) per inhabitant,TOT_HC,Current health care expenditure (CHE),BG,Bulgaria,2015,,553.04,,,,,
dataflow,ESTAT:TPS00207(1.0),Total health care expenditure,A,Annual,PPS_HAB,Purchasing power standard (PPS) per inhabitant,TOT_HC,Current health care expenditure (CHE),BG,Bulgaria,2016,,598.27,,,,,
dataflow,ESTAT:TPS00207(1.0),Total health care expenditure,A,Annual,PPS_HAB,Purchasing power standard (PPS) per inhabitant,TOT_HC,Current health care expenditure (CHE),BG,Bulgaria,2017,,634.01,,,,,
dataflow,ESTAT:TPS00207(1.0),Total health care expenditure,A,Annual,PPS_HAB,Purchasing power standard (PPS) per inhabitant,TOT_HC,Current health care expenditure (CHE),BG,Bulgaria,2018,,659.67,,,,,
dataflow,ESTAT:TPS00207(1.0),Total health care expenditure,A,Annual,PPS_HAB,Purchasing power standard (PPS) per inhabitant,TOT_HC,Current health care expenditure (CHE),BG,Bulgaria,2019,,682.09,,,,,
dataflow,ESTAT:TPS00207(1.0),Total health care expenditure,A,Annual,PPS_HAB,Purchasing power standard (PPS) per inhabitant,TOT_HC,Current health care expenditure (CHE),BG,Bulgaria,2020,,795.35,,,,,
dataflow,ESTAT:TPS00207(1.0),Total health care expenditure,A,Annual,PPS_HAB,Purchasing power standard (PPS) per inhabitant,TOT_HC,Current health care expenditure (CHE),BG,Bulgaria,2021,,931.82,,,,,
dataflow,ESTAT:TPS00207(1.0),Total health care expenditure,A,Annual,PPS_HAB,Purchasing power standard (PPS) per inhabitant,TOT_HC,Current health care expenditure (CHE),BG,Bulgaria,2022,,956.83,,,,,
dataflow,ESTAT:TPS00207(1.0),Total health care expenditure,A,Annual,PPS_HAB,Purchasing power standard (PPS) per inhabitant,TOT_HC,Current health care expenditure (CHE),BG,Bulgaria,2023,,1065.79,,,,,
dataflow,ESTAT:TPS00207(1.0),Total health care expenditure,A,Annual,PPS_HAB,Purchasing power standard (PPS) per inhabitant,TOT_HC,Current health care expenditure (CHE),CH,Switzerland,2013,,4361.83,,,,,
dataflow,ESTAT:TPS00207(1.0),Total health care expenditure,A,Annual,PPS_HAB,Purchasing power standard (PPS) per inhabitant,TOT_HC,Current health care expenditure (CHE),CH,Switzerland,2014,,4483.52,,,,,
dataflow,ESTAT:TPS00207(1.0),Total health care expenditure,A,Annual,PPS_HAB,Purchasing power standard (PPS) per inhabitant,TOT_HC,Current health care expenditure (CHE),CH,Switzerland,2015,,4670.67,,,,,
dataflow,ESTAT:TPS00207(1.0),Total health care expenditure,A,Annual,PPS_HAB,Purchasing power standard (PPS) per inhabitant,TOT_HC,Current health care expenditure (CHE),CH,Switzerland,2016,,4726.03,,,,,
dataflow,ESTAT:TPS00207(1.0),Total health care expenditure,A,Annual,PPS_HAB,Purchasing power standard (PPS) per inhabitant,TOT_HC,Current health care expenditure (CHE),CH,Switzerland,2017,,4728.6,,,,,
dataflow,ESTAT:TPS00207(1.0),Total health care expenditure,A,Annual,PPS_HAB,Purchasing power standard (PPS) per inhabitant,TOT_HC,Current health care expenditure (CHE),CH,Switzerland,2018,,4769.95,,,,,
dataflow,ESTAT:TPS00207(1.0),Total health care expenditure,A,Annual,PPS_HAB,Purchasing power standard (PPS) per inhabitant,TOT_HC,Current health care expenditure (CHE),CH,Switzerland,2019,,4896.53,,,,,
dataflow,ESTAT:TPS00207(1.0),Total health care expenditure,A,Annual,PPS_HAB,Purchasing power standard (PPS) per inhabitant,TOT_HC,Current health care expenditure (CHE),CH,Switzerland,2020,,4957.17,,,,,
dataflow,ESTAT:TPS00207(1.0),Total health care expenditure,A,Annual,PPS_HAB,Purchasing power standard (PPS) per inhabitant,TOT_HC,Current health care expenditure (CHE),CH,Switzerland,2021,,5383.66,,,,,
dataflow,ESTAT:TPS00207(1.0),Total health care expenditure,A,Annual,PPS_HAB,Purchasing power standard (PPS) per inhabitant,TOT_HC,Current health care expenditure (CHE),CH,Switzerland,2022,,5706.24,,,,,
dataflow,ESTAT:TPS00207(1.0),Total health care expenditure,A,Annual,PPS_HAB,Purchasing power standard (PPS) per inhabitant,TOT_HC,Current health care expenditure (CHE),CH,Switzerland,2023,,5921.61,,,,,
dataflow,ESTAT:TPS00207(1.0),Total health care expenditure,A,Annual,PPS_HAB,Purchasing power standard (PPS) per inhabitant,TOT_HC,Current health care expenditure (CHE),CH,Switzerland,2024,,6140.46,,p,provisional,,
dataflow,ESTAT:TPS00207(1.0),Total health care expenditure,A,Annual,PPS_HAB,Purchasing power standard (PPS) per inhabitant,TOT_HC,Current health care expenditure (CHE),CY,Cyprus,2013,,1478.4,,,,,
dataflow,ESTAT:TPS00207(1.0),Total health care expenditure,A,Annual,PPS_HAB,Purchasing power standard (PPS) per inhabitant,TOT_HC,Current health care expenditure (CHE),CY,Cyprus,2014,,1470.58,,,,,
dataflow,ESTAT:TPS00207(1.0),Total health care expenditure,A,Annual,PPS_HAB,Purchasing power standard (PPS) per inhabitant,TOT_HC,Current health care expenditure (CHE),CY,Cyprus,2015,,1501.73,,,,,
dataflow,ESTAT:TPS00207(1.0),Total health care expenditure,A,Annual,PPS_HAB,Purchasing power standard (PPS) per inhabitant,TOT_HC,Current health care expenditure (CHE),CY,Cyprus,2016,,1591.15,,,,,
dataflow,ESTAT:TPS00207(1.0),Total health care expenditure,A,Annual,PPS_HAB,Purchasing power standard (PPS) per inhabitant,TOT_HC,Current health care expenditure (CHE),CY,Cyprus,2017,,1672.57,,,,,
dataflow,ESTAT:TPS00207(1.0),Total health care expenditure,A,Annual,PPS_HAB,Purchasing power standard (PPS) per inhabitant,TOT_HC,Current health care expenditure (CHE),CY,Cyprus,2018,,1794.65,,,,,
dataflow,ESTAT:TPS00207(1.0),Total health care expenditure,A,Annual,PPS_HAB,Purchasing power standard (PPS) per inhabitant,TOT_HC,Current health care expenditure (CHE),CY,Cyprus,2019,,1946.66,,,,,
dataflow,ESTAT:TPS00207(1.0),Total health care expenditure,A,Annual,PPS_HAB,Purchasing power standard (PPS) per inhabitant,TOT_HC,Current health care expenditure (CHE),CY,Cyprus,2020,,2270.04,,,,,
dataflow,ESTAT:TPS00207(1.0),Total health care expenditure,A,Annual,PPS_HAB,Purchasing power standard (PPS) per inhabitant,TOT_HC,Current health care expenditure (CHE),CY,Cyprus,2021,,2593.72,,,,,
dataflow,ESTAT:TPS00207(1.0),Total health care expenditure,A,Annual,PPS_HAB,Purchasing power standard (PPS) per inhabitant,TOT_HC,Current health care expenditure (CHE),CY,Cyprus,2022,,2711.29,,,,,
dataflow,ESTAT:TPS00207(1.0),Total health care expenditure,A,Annual,PPS_HAB,Purchasing power standard (PPS) per inhabitant,TOT_HC,Current health care expenditure (CHE),CY,Cyprus,2023,,2795.06,,,,,
dataflow,ESTAT:TPS00207(1.0),Total health care expenditure,A,Annual,PPS_HAB,Purchasing power standard (PPS) per inhabitant,TOT_HC,Current health care expenditure (CHE),CZ,Czechia,2013,,1743.95,,,,,
dataflow,ESTAT:TPS00207(1.0),Total health care expenditure,A,Annual,PPS_HAB,Purchasing power standard (PPS) per inhabitant,TOT_HC,Current health care expenditure (CHE),CZ,Czechia,2014,,1876.44,,,,,
dataflow,ESTAT:TPS00207(1.0),Total health care expenditure,A,Annual,PPS_HAB,Purchasing power standard (PPS) per inhabitant,TOT_HC,Current health care expenditure (CHE),CZ,Czechia,2015,,1900.28,,,,,
dataflow,ESTAT:TPS00207(1.0),Total health care expenditure,A,Annual,PPS_HAB,Purchasing power standard (PPS) per inhabitant,TOT_HC,Current health care expenditure (CHE),CZ,Czechia,2016,,1967.49,,,,,
dataflow,ESTAT:TPS00207(1.0),Total health care expenditure,A,Annual,PPS_HAB,Purchasing power standard (PPS) per inhabitant,TOT_HC,Current health care expenditure (CHE),CZ,Czechia,2017,,2079.85,,,,,
dataflow,ESTAT:TPS00207(1.0),Total health care expenditure,A,Annual,PPS_HAB,Purchasing power standard (PPS) per inhabitant,TOT_HC,Current health care expenditure (CHE),CZ,Czechia,2018,,2179.29,,,,,
dataflow,ESTAT:TPS00207(1.0),Total health care expenditure,A,Annual,PPS_HAB,Purchasing power standard (PPS) per inhabitant,TOT_HC,Current health care expenditure (CHE),CZ,Czechia,2019,,2323.57,,,,,
dataflow,ESTAT:TPS00207(1.0),Total health care expenditure,A,Annual,PPS_HAB,Purchasing power standard (PPS) per inhabitant,TOT_HC,Current health care expenditure (CHE),CZ,Czechia,2020,,2665.69,,,,,
dataflow,ESTAT:TPS00207(1.0),Total health care expenditure,A,Annual,PPS_HAB,Purchasing power standard (PPS) per inhabitant,TOT_HC,Current health care expenditure (CHE),CZ,Czechia,2021,,2862.74,,,,,
dataflow,ESTAT:TPS00207(1.0),Total health care expenditure,A,Annual,PPS_HAB,Purchasing power standard (PPS) per inhabitant,TOT_HC,Current health care expenditure (CHE),CZ,Czechia,2022,,2758.61,,,,,
dataflow,ESTAT:TPS00207(1.0),Total health care expenditure,A,Annual,PPS_HAB,Purchasing power standard (PPS) per inhabitant,TOT_HC,Current health care expenditure (CHE),CZ,Czechia,2023,,2925.23,,,,,
dataflow,ESTAT:TPS00207(1.0),Total health care expenditure,A,Annual,PPS_HAB,Purchasing power standard (PPS) per inhabitant,TOT_HC,Current health care expenditure (CHE),CZ,Czechia,2024,,3103.66,,p,provisional,,
dataflow,ESTAT:TPS00207(1.0),Total health care expenditure,A,Annual,PPS_HAB,Purchasing power standard (PPS) per inhabitant,TOT_HC,Current health care expenditure (CHE),DE,Germany,2013,,3619.9,,,,,
dataflow,ESTAT:TPS00207(1.0),Total health care expenditure,A,Annual,PPS_HAB,Purchasing power standard (PPS) per inhabitant,TOT_HC,Current health care expenditure (CHE),DE,Germany,2014,,3755.95,,,,,
dataflow,ESTAT:TPS00207(1.0),Total health care expenditure,A,Annual,PPS_HAB,Purchasing power standard (PPS) per inhabitant,TOT_HC,Current health care expenditure (CHE),DE,Germany,2015,,3863.8,,,,,
dataflow,ESTAT:TPS00207(1.0),Total health care expenditure,A,Annual,PPS_HAB,Purchasing power standard (PPS) per inhabitant,TOT_HC,Current health care expenditure (CHE),DE,Germany,2016,,3997.47,,,,,
dataflow,ESTAT:TPS00207(1.0),Total health care expenditure,A,Annual,PPS_HAB,Purchasing power standard (PPS) per inhabitant,TOT_HC,Current health care expenditure (CHE),DE,Germany,2017,,4183.99,,,,,
dataflow,ESTAT:TPS00207(1.0),Total health care expenditure,A,Annual,PPS_HAB,Purchasing power standard (PPS) per inhabitant,TOT_HC,Current health care expenditure (CHE),DE,Germany,2018,,4357.61,,,,,
dataflow,ESTAT:TPS00207(1.0),Total health care expenditure,A,Annual,PPS_HAB,Purchasing power standard (PPS) per inhabitant,TOT_HC,Current health care expenditure (CHE),DE,Germany,2019,,4516.45,,,,,
dataflow,ESTAT:TPS00207(1.0),Total health care expenditure,A,Annual,PPS_HAB,Purchasing power standard (PPS) per inhabitant,TOT_HC,Current health care expenditure (CHE),DE,Germany,2020,,4790.13,,,,,
dataflow,ESTAT:TPS00207(1.0),Total health care expenditure,A,Annual,PPS_HAB,Purchasing power standard (PPS) per inhabitant,TOT_HC,Current health care expenditure (CHE),DE,Germany,2021,,5198.2,,,,,
dataflow,ESTAT:TPS00207(1.0),Total health care expenditure,A,Annual,PPS_HAB,Purchasing power standard (PPS) per inhabitant,TOT_HC,Current health care expenditure (CHE),DE,Germany,2022,,5431.61,,,,,
dataflow,ESTAT:TPS00207(1.0),Total health care expenditure,A,Annual,PPS_HAB,Purchasing power standard (PPS) per inhabitant,TOT_HC,Current health care expenditure (CHE),DE,Germany,2023,,5413.7,,,,,
dataflow,ESTAT:TPS00207(1.0),Total health care expenditure,A,Annual,PPS_HAB,Purchasing power standard (PPS) per inhabitant,TOT_HC,Current health care expenditure (CHE),DE,Germany,2024,,5795.79,,p,provisional,,
dataflow,ESTAT:TPS00207(1.0),Total health care expenditure,A,Annual,PPS_HAB,Purchasing power standard (PPS) per inhabitant,TOT_HC,Current health care expenditure (CHE),DK,Denmark,2013,,3321.02,,,,,
dataflow,ESTAT:TPS00207(1.0),Total health care expenditure,A,Annual,PPS_HAB,Purchasing power standard (PPS) per inhabitant,TOT_HC,Current health care expenditure (CHE),DK,Denmark,2014,,3364.55,,,,,
dataflow,ESTAT:TPS00207(1.0),Total health care expenditure,A,Annual,PPS_HAB,Purchasing power standard (PPS) per inhabitant,TOT_HC,Current health care expenditure (CHE),DK,Denmark,2015,,3462.76,,,,,
dataflow,ESTAT:TPS00207(1.0),Total health care expenditure,A,Annual,PPS_HAB,Purchasing power standard (PPS) per inhabitant,TOT_HC,Current health care expenditure (CHE),DK,Denmark,2016,,3470.23,,,,,
dataflow,ESTAT:TPS00207(1.0),Total health care expenditure,A,Annual,PPS_HAB,Purchasing power standard (PPS) per inhabitant,TOT_HC,Current health care expenditure (CHE),DK,Denmark,2017,,3601.38,,,,,
dataflow,ESTAT:TPS00207(1.0),Total health care expenditure,A,Annual,PPS_HAB,Purchasing power standard (PPS) per inhabitant,TOT_HC,Current health care expenditure (CHE),DK,Denmark,2018,,3701.62,,,,,
dataflow,ESTAT:TPS00207(1.0),Total health care expenditure,A,Annual,PPS_HAB,Purchasing power standard (PPS) per inhabitant,TOT_HC,Current health care expenditure (CHE),DK,Denmark,2019,,3765.11,,,,,
dataflow,ESTAT:TPS00207(1.0),Total health care expenditure,A,Annual,PPS_HAB,Purchasing power standard (PPS) per inhabitant,TOT_HC,Current health care expenditure (CHE),DK,Denmark,2020,,3998.24,,,,,
dataflow,ESTAT:TPS00207(1.0),Total health care expenditure,A,Annual,PPS_HAB,Purchasing power standard (PPS) per inhabitant,TOT_HC,Current health care expenditure (CHE),DK,Denmark,2021,,4434.97,,,,,
dataflow,ESTAT:TPS00207(1.0),Total health care expenditure,A,Annual,PPS_HAB,Purchasing power standard (PPS) per inhabitant,TOT_HC,Current health care expenditure (CHE),DK,Denmark,2022,,4181.42,,,,,
dataflow,ESTAT:TPS00207(1.0),Total health care expenditure,A,Annual,PPS_HAB,Purchasing power standard (PPS) per inhabitant,TOT_HC,Current health care expenditure (CHE),DK,Denmark,2023,,4173.35,,,,,
dataflow,ESTAT:TPS00207(1.0),Total health care expenditure,A,Annual,PPS_HAB,Purchasing power standard (PPS) per inhabitant,TOT_HC,Current health care expenditure (CHE),DK,Denmark,2024,,4367.47,,p,provisional,,
dataflow,ESTAT:TPS00207(1.0),Total health care expenditure,A,Annual,PPS_HAB,Purchasing power standard (PPS) per inhabitant,TOT_HC,Current health care expenditure (CHE),EE,Estonia,2013,,1253.3,,,,,
dataflow,ESTAT:TPS00207(1.0),Total health care expenditure,A,Annual,PPS_HAB,Purchasing power standard (PPS) per inhabitant,TOT_HC,Current health care expenditure (CHE),EE,Estonia,2014,,1332.84,,,,,
dataflow,ESTAT:TPS00207(1.0),Total health care expenditure,A,Annual,PPS_HAB,Purchasing power standard (PPS) per inhabitant,TOT_HC,Current health care expenditure (CHE),EE,Estonia,2015,,1421.52,,,,,
dataflow,ESTAT:TPS00207(1.0),Total health care expenditure,A,Annual,PPS_HAB,Purchasing power standard (PPS) per inhabitant,TOT_HC,Current health care expenditure (CHE),EE,Estonia,2016,,1484.5,,,,,
dataflow,ESTAT:TPS00207(1.0),Total health care expenditure,A,Annual,PPS_HAB,Purchasing power standard (PPS) per inhabitant,TOT_HC,Current health care expenditure (CHE),EE,Estonia,2017,,1550.64,,,,,
dataflow,ESTAT:TPS00207(1.0),Total health care expenditure,A,Annual,PPS_HAB,Purchasing power standard (PPS) per inhabitant,TOT_HC,Current health care expenditure (CHE),EE,Estonia,2018,,1649.03,,,,,
dataflow,ESTAT:TPS00207(1.0),Total health care expenditure,A,Annual,PPS_HAB,Purchasing power standard (PPS) per inhabitant,TOT_HC,Current health care expenditure (CHE),EE,Estonia,2019,,1739.7,,,,,
dataflow,ESTAT:TPS00207(1.0),Total health care expenditure,A,Annual,PPS_HAB,Purchasing power standard (PPS) per inhabitant,TOT_HC,Current health care expenditure (CHE),EE,Estonia,2020,,1900.51,,,,,
dataflow,ESTAT:TPS00207(1.0),Total health care expenditure,A,Annual,PPS_HAB,Purchasing power standard (PPS) per inhabitant,TOT_HC,Current health care expenditure (CHE),EE,Estonia,2021,,2037.5,,,,,
dataflow,ESTAT:TPS00207(1.0),Total health care expenditure,A,Annual,PPS_HAB,Purchasing power standard (PPS) per inhabitant,TOT_HC,Current health care expenditure (CHE),EE,Estonia,2022,,1989.21,,,,,
dataflow,ESTAT:TPS00207(1.0),Total health care expenditure,A,Annual,PPS_HAB,Purchasing power standard (PPS) per inhabitant,TOT_HC,Current health care expenditure (CHE),EE,Estonia,2023,,2144.9,,,,,
dataflow,ESTAT:TPS00207(1.0),Total health care expenditure,A,Annual,PPS_HAB,Purchasing power standard (PPS) per inhabitant,TOT_HC,Current health care expenditure (CHE),EE,Estonia,2024,,2337.6,,p,provisional,,
dataflow,ESTAT:TPS00207(1.0),Total health care expenditure,A,Annual,PPS_HAB,Purchasing power standard (PPS) per inhabitant,TOT_HC,Current health care expenditure (CHE),EL,Greece,2013,,1532.11,,,,,
dataflow,ESTAT:TPS00207(1.0),Total health care expenditure,A,Annual,PPS_HAB,Purchasing power standard (PPS) per inhabitant,TOT_HC,Current health care expenditure (CHE),EL,Greece,2014,,1471.78,,,,,
dataflow,ESTAT:TPS00207(1.0),Total health care expenditure,A,Annual,PPS_HAB,Purchasing power standard (PPS) per inhabitant,TOT_HC,Current health care expenditure (CHE),EL,Greece,2015,,1555.24,,,,,
dataflow,ESTAT:TPS00207(1.0),Total health care expenditure,A,Annual,PPS_HAB,Purchasing power standard (PPS) per inhabitant,TOT_HC,Current health care expenditure (CHE),EL,Greece,2016,,1599.01,,,,,
dataflow,ESTAT:TPS00207(1.0),Total health care expenditure,A,Annual,PPS_HAB,Purchasing power standard (PPS) per inhabitant,TOT_HC,Current health care expenditure (CHE),EL,Greece,2017,,1585.41,,,,,
dataflow,ESTAT:TPS00207(1.0),Total health care expenditure,A,Annual,PPS_HAB,Purchasing power standard (PPS) per inhabitant,TOT_HC,Current health care expenditure (CHE),EL,Greece,2018,,1614.59,,,,,
dataflow,ESTAT:TPS00207(1.0),Total health care expenditure,A,Annual,PPS_HAB,Purchasing power standard (PPS) per inhabitant,TOT_HC,Current health care expenditure (CHE),EL,Greece,2019,,1652.35,,,,,
dataflow,ESTAT:TPS00207(1.0),Total health care expenditure,A,Annual,PPS_HAB,Purchasing power standard (PPS) per inhabitant,TOT_HC,Current health care expenditure (CHE),EL,Greece,2020,,1726.07,,,,,
dataflow,ESTAT:TPS00207(1.0),Total health care expenditure,A,Annual,PPS_HAB,Purchasing power standard (PPS) per inhabitant,TOT_HC,Current health care expenditure (CHE),EL,Greece,2021,,1879.31,,,,,
dataflow,ESTAT:TPS00207(1.0),Total health care expenditure,A,Annual,PPS_HAB,Purchasing power standard (PPS) per inhabitant,TOT_HC,Current health care expenditure (CHE),EL,Greece,2022,,1993.8,,,,,
dataflow,ESTAT:TPS00207(1.0),Total health care expenditure,A,Annual,PPS_HAB,Purchasing power standard (PPS) per inhabitant,TOT_HC,Current health care expenditure (CHE),EL,Greece,2023,,2191.37,,,,,
dataflow,ESTAT:TPS00207(1.0),Total health care expenditure,A,Annual,PPS_HAB,Purchasing power standard (PPS) per inhabitant,TOT_HC,Current health care expenditure (CHE),ES,Spain,2013,,2055.41,,,,,
dataflow,ESTAT:TPS00207(1.0),Total health care expenditure,A,Annual,PPS_HAB,Purchasing power standard (PPS) per inhabitant,TOT_HC,Current health care expenditure (CHE),ES,Spain,2014,,2120.45,,,,,
dataflow,ESTAT:TPS00207(1.0),Total health care expenditure,A,Annual,PPS_HAB,Purchasing power standard (PPS) per inhabitant,TOT_HC,Current health care expenditure (CHE),ES,Spain,2015,,2244.74,,,,,
dataflow,ESTAT:TPS00207(1.0),Total health care expenditure,A,Annual,PPS_HAB,Purchasing power standard (PPS) per inhabitant,TOT_HC,Current health care expenditure (CHE),ES,Spain,2016,,2264.43,,,,,
dataflow,ESTAT:TPS00207(1.0),Total health care expenditure,A,Annual,PPS_HAB,Purchasing power standard (PPS) per inhabitant,TOT_HC,Current health care expenditure (CHE),ES,Spain,2017,,2373.49,,,,,
dataflow,ESTAT:TPS00207(1.0),Total health care expenditure,A,Annual,PPS_HAB,Purchasing power standard (PPS) per inhabitant,TOT_HC,Current health care expenditure (CHE),ES,Spain,2018,,2428.11,,,,,
dataflow,ESTAT:TPS00207(1.0),Total health care expenditure,A,Annual,PPS_HAB,Purchasing power standard (PPS) per inhabitant,TOT_HC,Current health care expenditure (CHE),ES,Spain,2019,,2544.04,,,,,
dataflow,ESTAT:TPS00207(1.0),Total health care expenditure,A,Annual,PPS_HAB,Purchasing power standard (PPS) per inhabitant,TOT_HC,Current health care expenditure (CHE),ES,Spain,2020,,2599.36,,,,,
dataflow,ESTAT:TPS00207(1.0),Total health care expenditure,A,Annual,PPS_HAB,Purchasing power standard (PPS) per inhabitant,TOT_HC,Current health care expenditure (CHE),ES,Spain,2021,,2826.19,,,,,
dataflow,ESTAT:TPS00207(1.0),Total health care expenditure,A,Annual,PPS_HAB,Purchasing power standard (PPS) per inhabitant,TOT_HC,Current health care expenditure (CHE),ES,Spain,2022,,2978.06,,,,,
dataflow,ESTAT:TPS00207(1.0),Total health care expenditure,A,Annual,PPS_HAB,Purchasing power standard (PPS) per inhabitant,TOT_HC,Current health care expenditure (CHE),ES,Spain,2023,,3136.97,,,,,
dataflow,ESTAT:TPS00207(1.0),Total health care expenditure,A,Annual,PPS_HAB,Purchasing power standard (PPS) per inhabitant,TOT_HC,Current health care expenditure (CHE),FI,Finland,2013,,2886.29,,,,,
dataflow,ESTAT:TPS00207(1.0),Total health care expenditure,A,Annual,PPS_HAB,Purchasing power standard (PPS) per inhabitant,TOT_HC,Current health care expenditure (CHE),FI,Finland,2014,,2894.93,,,,,
dataflow,ESTAT:TPS00207(1.0),Total health care expenditure,A,Annual,PPS_HAB,Purchasing power standard (PPS) per inhabitant,TOT_HC,Current health care expenditure (CHE),FI,Finland,2015,,2924.86,,b,break in time series,,
dataflow,ESTAT:TPS00207(1.0),Total health care expenditure,A,Annual,PPS_HAB,Purchasing power standard (PPS) per inhabitant,TOT_HC,Current health care expenditure (CHE),FI,Finland,2016,,2905.61,,,,,
dataflow,ESTAT:TPS00207(1.0),Total health care expenditure,A,Annual,PPS_HAB,Purchasing power standard (PPS) per inhabitant,TOT_HC,Current health care expenditure (CHE),FI,Finland,2017,,2969.12,,,,,
dataflow,ESTAT:TPS00207(1.0),Total health care expenditure,A,Annual,PPS_HAB,Purchasing power standard (PPS) per inhabitant,TOT_HC,Current health care expenditure (CHE),FI,Finland,2018,,3020.65,,,,,
dataflow,ESTAT:TPS00207(1.0),Total health care expenditure,A,Annual,PPS_HAB,Purchasing power standard (PPS) per inhabitant,TOT_HC,Current health care expenditure (CHE),FI,Finland,2019,,3101.59,,,,,
dataflow,ESTAT:TPS00207(1.0),Total health care expenditure,A,Annual,PPS_HAB,Purchasing power standard (PPS) per inhabitant,TOT_HC,Current health care expenditure (CHE),FI,Finland,2020,,3230.65,,,,,
dataflow,ESTAT:TPS00207(1.0),Total health care expenditure,A,Annual,PPS_HAB,Purchasing power standard (PPS) per inhabitant,TOT_HC,Current health care expenditure (CHE),FI,Finland,2021,,3460.96,,p,provisional,,
dataflow,ESTAT:TPS00207(1.0),Total health care expenditure,A,Annual,PPS_HAB,Purchasing power standard (PPS) per inhabitant,TOT_HC,Current health care expenditure (CHE),FI,Finland,2022,,3619.22,,p,provisional,,
dataflow,ESTAT:TPS00207(1.0),Total health care expenditure,A,Annual,PPS_HAB,Purchasing power standard (PPS) per inhabitant,TOT_HC,Current health care expenditure (CHE),FI,Finland,2023,,3995.48,,p,provisional,,
dataflow,ESTAT:TPS00207(1.0),Total health care expenditure,A,Annual,PPS_HAB,Purchasing power standard (PPS) per inhabitant,TOT_HC,Current health care expenditure (CHE),FR,France,2013,,3361.78,,,,,
dataflow,ESTAT:TPS00207(1.0),Total health care expenditure,A,Annual,PPS_HAB,Purchasing power standard (PPS) per inhabitant,TOT_HC,Current health care expenditure (CHE),FR,France,2014,,3405.5,,,,,
dataflow,ESTAT:TPS00207(1.0),Total health care expenditure,A,Annual,PPS_HAB,Purchasing power standard (PPS) per inhabitant,TOT_HC,Current health care expenditure (CHE),FR,France,2015,,3441.54,,,,,
dataflow,ESTAT:TPS00207(1.0),Total health care expenditure,A,Annual,PPS_HAB,Purchasing power standard (PPS) per inhabitant,TOT_HC,Current health care expenditure (CHE),FR,France,2016,,3511.67,,,,,
dataflow,ESTAT:TPS00207(1.0),Total health care expenditure,A,Annual,PPS_HAB,Purchasing power standard (PPS) per inhabitant,TOT_HC,Current health care expenditure (CHE),FR,France,2017,,3545.77,,,,,
dataflow,ESTAT:TPS00207(1.0),Total health care expenditure,A,Annual,PPS_HAB,Purchasing power standard (PPS) per inhabitant,TOT_HC,Current health care expenditure (CHE),FR,France,2018,,3575.34,,,,,
dataflow,ESTAT:TPS00207(1.0),Total health care expenditure,A,Annual,PPS_HAB,Purchasing power standard (PPS) per inhabitant,TOT_HC,Current health care expenditure (CHE),FR,France,2019,,3678.22,,,,,
dataflow,ESTAT:TPS00207(1.0),Total health care expenditure,A,Annual,PPS_HAB,Purchasing power standard (PPS) per inhabitant,TOT_HC,Current health care expenditure (CHE),FR,France,2020,,3820.69,,,,,
dataflow,ESTAT:TPS00207(1.0),Total health care expenditure,A,Annual,PPS_HAB,Purchasing power standard (PPS) per inhabitant,TOT_HC,Current health care expenditure (CHE),FR,France,2021,,4102.73,,,,,
dataflow,ESTAT:TPS00207(1.0),Total health care expenditure,A,Annual,PPS_HAB,Purchasing power standard (PPS) per inhabitant,TOT_HC,Current health care expenditure (CHE),FR,France,2022,,4206.65,,,,,
dataflow,ESTAT:TPS00207(1.0),Total health care expenditure,A,Annual,PPS_HAB,Purchasing power standard (PPS) per inhabitant,TOT_HC,Current health care expenditure (CHE),FR,France,2023,,4359.86,,,,,
dataflow,ESTAT:TPS00207(1.0),Total health care expenditure,A,Annual,PPS_HAB,Purchasing power standard (PPS) per inhabitant,TOT_HC,Current health care expenditure (CHE),FR,France,2024,,4556.87,,p,provisional,,
dataflow,ESTAT:TPS00207(1.0),Total health care expenditure,A,Annual,PPS_HAB,Purchasing power standard (PPS) per inhabitant,TOT_HC,Current health care expenditure (CHE),HR,Croatia,2013,,1015.76,,,,,
dataflow,ESTAT:TPS00207(1.0),Total health care expenditure,A,Annual,PPS_HAB,Purchasing power standard (PPS) per inhabitant,TOT_HC,Current health care expenditure (CHE),HR,Croatia,2014,,1064.58,,,,,
dataflow,ESTAT:TPS00207(1.0),Total health care expenditure,A,Annual,PPS_HAB,Purchasing power standard (PPS) per inhabitant,TOT_HC,Current health care expenditure (CHE),HR,Croatia,2015,,1129.5,,,,,
dataflow,ESTAT:TPS00207(1.0),Total health care expenditure,A,Annual,PPS_HAB,Purchasing power standard (PPS) per inhabitant,TOT_HC,Current health care expenditure (CHE),HR,Croatia,2016,,1205.79,,,,,
dataflow,ESTAT:TPS00207(1.0),Total health care expenditure,A,Annual,PPS_HAB,Purchasing power standard (PPS) per inhabitant,TOT_HC,Current health care expenditure (CHE),HR,Croatia,2017,,1267.1,,,,,
dataflow,ESTAT:TPS00207(1.0),Total health care expenditure,A,Annual,PPS_HAB,Purchasing power standard (PPS) per inhabitant,TOT_HC,Current health care expenditure (CHE),HR,Croatia,2018,,1345.56,,,,,
dataflow,ESTAT:TPS00207(1.0),Total health care expenditure,A,Annual,PPS_HAB,Purchasing power standard (PPS) per inhabitant,TOT_HC,Current health care expenditure (CHE),HR,Croatia,2019,,1429.74,,,,,
dataflow,ESTAT:TPS00207(1.0),Total health care expenditure,A,Annual,PPS_HAB,Purchasing power standard (PPS) per inhabitant,TOT_HC,Current health care expenditure (CHE),HR,Croatia,2020,,1505.75,,,,,
dataflow,ESTAT:TPS00207(1.0),Total health care expenditure,A,Annual,PPS_HAB,Purchasing power standard (PPS) per inhabitant,TOT_HC,Current health care expenditure (CHE),HR,Croatia,2021,,1865.96,,,,,
dataflow,ESTAT:TPS00207(1.0),Total health care expenditure,A,Annual,PPS_HAB,Purchasing power standard (PPS) per inhabitant,TOT_HC,Current health care expenditure (CHE),HR,Croatia,2022,,1867.55,,,,,
dataflow,ESTAT:TPS00207(1.0),Total health care expenditure,A,Annual,PPS_HAB,Purchasing power standard (PPS) per inhabitant,TOT_HC,Current health care expenditure (CHE),HR,Croatia,2023,,2032.28,,,,,
dataflow,ESTAT:TPS00207(1.0),Total health care expenditure,A,Annual,PPS_HAB,Purchasing power standard (PPS) per inhabitant,TOT_HC,Current health care expenditure (CHE),HU,Hungary,2013,,1339.47,,,,,
dataflow,ESTAT:TPS00207(1.0),Total health care expenditure,A,Annual,PPS_HAB,Purchasing power standard (PPS) per inhabitant,TOT_HC,Current health care expenditure (CHE),HU,Hungary,2014,,1368.59,,,,,
dataflow,ESTAT:TPS00207(1.0),Total health care expenditure,A,Annual,PPS_HAB,Purchasing power standard (PPS) per inhabitant,TOT_HC,Current health care expenditure (CHE),HU,Hungary,2015,,1391.9,,,,,
dataflow,ESTAT:TPS00207(1.0),Total health care expenditure,A,Annual,PPS_HAB,Purchasing power standard (PPS) per inhabitant,TOT_HC,Current health care expenditure (CHE),HU,Hungary,2016,,1423.8,,,,,
dataflow,ESTAT:TPS00207(1.0),Total health care expenditure,A,Annual,PPS_HAB,Purchasing power standard (PPS) per inhabitant,TOT_HC,Current health care expenditure (CHE),HU,Hungary,2017,,1416.61,,,,,
dataflow,ESTAT:TPS00207(1.0),Total health care expenditure,A,Annual,PPS_HAB,Purchasing power standard (PPS) per inhabitant,TOT_HC,Current health care expenditure (CHE),HU,Hungary,2018,,1480.03,,,,,
dataflow,ESTAT:TPS00207(1.0),Total health care expenditure,A,Annual,PPS_HAB,Purchasing power standard (PPS) per inhabitant,TOT_HC,Current health care expenditure (CHE),HU,Hungary,2019,,1494.63,,,,,
dataflow,ESTAT:TPS00207(1.0),Total health care expenditure,A,Annual,PPS_HAB,Purchasing power standard (PPS) per inhabitant,TOT_HC,Current health care expenditure (CHE),HU,Hungary,2020,,1701.2,,,,,
dataflow,ESTAT:TPS00207(1.0),Total health care expenditure,A,Annual,PPS_HAB,Purchasing power standard (PPS) per inhabitant,TOT_HC,Current health care expenditure (CHE),HU,Hungary,2021,,1892.42,,,,,
dataflow,ESTAT:TPS00207(1.0),Total health care expenditure,A,Annual,PPS_HAB,Purchasing power standard (PPS) per inhabitant,TOT_HC,Current health care expenditure (CHE),HU,Hungary,2022,,1891.57,,,,,
dataflow,ESTAT:TPS00207(1.0),Total health care expenditure,A,Annual,PPS_HAB,Purchasing power standard (PPS) per inhabitant,TOT_HC,Current health care expenditure (CHE),HU,Hungary,2023,,1924.71,,,,,
dataflow,ESTAT:TPS00207(1.0),Total health care expenditure,A,Annual,PPS_HAB,Purchasing power standard (PPS) per inhabitant,TOT_HC,Current health care expenditure (CHE),HU,Hungary,2024,,2050.3,,p,provisional,,
dataflow,ESTAT:TPS00207(1.0),Total health care expenditure,A,Annual,PPS_HAB,Purchasing power standard (PPS) per inhabitant,TOT_HC,Current health care expenditure (CHE),IE,Ireland,2013,,3135.78,,,,,
dataflow,ESTAT:TPS00207(1.0),Total health care expenditure,A,Annual,PPS_HAB,Purchasing power standard (PPS) per inhabitant,TOT_HC,Current health care expenditure (CHE),IE,Ireland,2014,,3059.68,,,,,
dataflow,ESTAT:TPS00207(1.0),Total health care expenditure,A,Annual,PPS_HAB,Purchasing power standard (PPS) per inhabitant,TOT_HC,Current health care expenditure (CHE),IE,Ireland,2015,,3156.77,,,,,
dataflow,ESTAT:TPS00207(1.0),Total health care expenditure,A,Annual,PPS_HAB,Purchasing power standard (PPS) per inhabitant,TOT_HC,Current health care expenditure (CHE),IE,Ireland,2016,,3233.08,,,,,
dataflow,ESTAT:TPS00207(1.0),Total health care expenditure,A,Annual,PPS_HAB,Purchasing power standard (PPS) per inhabitant,TOT_HC,Current health care expenditure (CHE),IE,Ireland,2017,,3303.95,,,,,
dataflow,ESTAT:TPS00207(1.0),Total health care expenditure,A,Annual,PPS_HAB,Purchasing power standard (PPS) per inhabitant,TOT_HC,Current health care expenditure (CHE),IE,Ireland,2018,,3400.57,,,,,
dataflow,ESTAT:TPS00207(1.0),Total health care expenditure,A,Annual,PPS_HAB,Purchasing power standard (PPS) per inhabitant,TOT_HC,Current health care expenditure (CHE),IE,Ireland,2019,,3481.78,,,,,
dataflow,ESTAT:TPS00207(1.0),Total health care expenditure,A,Annual,PPS_HAB,Purchasing power standard (PPS) per inhabitant,TOT_HC,Current health care expenditure (CHE),IE,Ireland,2020,,3654.76,,,,,
dataflow,ESTAT:TPS00207(1.0),Total health care expenditure,A,Annual,PPS_HAB,Purchasing power standard (PPS) per inhabitant,TOT_HC,Current health care expenditure (CHE),IE,Ireland,2021,,3990.91,,,,,
dataflow,ESTAT:TPS00207(1.0),Total health care expenditure,A,Annual,PPS_HAB,Purchasing power standard (PPS) per inhabitant,TOT_HC,Current health care expenditure (CHE),IE,Ireland,2022,,4236.2,,,,,
dataflow,ESTAT:TPS00207(1.0),Total health care expenditure,A,Annual,PPS_HAB,Purchasing power standard (PPS) per inhabitant,TOT_HC,Current health care expenditure (CHE),IE,Ireland,2023,,4473.82,,,,,
dataflow,ESTAT:TPS00207(1.0),Total health care expenditure,A,Annual,PPS_HAB,Purchasing power standard (PPS) per inhabitant,TOT_HC,Current health care expenditure (CHE),IE,Ireland,2024,,4799.23,,p,provisional,,
dataflow,ESTAT:TPS00207(1.0),Total health care expenditure,A,Annual,PPS_HAB,Purchasing power standard (PPS) per inhabitant,TOT_HC,Current health care expenditure (CHE),IT,Italy,2013,,2245.53,,,,,
dataflow,ESTAT:TPS00207(1.0),Total health care expenditure,A,Annual,PPS_HAB,Purchasing power standard (PPS) per inhabitant,TOT_HC,Current health care expenditure (CHE),IT,Italy,2014,,2249.14,,,,,
dataflow,ESTAT:TPS00207(1.0),Total health care expenditure,A,Annual,PPS_HAB,Purchasing power standard (PPS) per inhabitant,TOT_HC,Current health care expenditure (CHE),IT,Italy,2015,,2289.82,,,,,
dataflow,ESTAT:TPS00207(1.0),Total health care expenditure,A,Annual,PPS_HAB,Purchasing power standard (PPS) per inhabitant,TOT_HC,Current health care expenditure (CHE),IT,Italy,2016,,2349.18,,,,,
dataflow,ESTAT:TPS00207(1.0),Total health care expenditure,A,Annual,PPS_HAB,Purchasing power standard (PPS) per inhabitant,TOT_HC,Current health care expenditure (CHE),IT,Italy,2017,,2413.66,,,,,
dataflow,ESTAT:TPS00207(1.0),Total health care expenditure,A,Annual,PPS_HAB,Purchasing power standard (PPS) per inhabitant,TOT_HC,Current health care expenditure (CHE),IT,Italy,2018,,2461.76,,,,,
dataflow,ESTAT:TPS00207(1.0),Total health care expenditure,A,Annual,PPS_HAB,Purchasing power standard (PPS) per inhabitant,TOT_HC,Current health care expenditure (CHE),IT,Italy,2019,,2528.03,,,,,
dataflow,ESTAT:TPS00207(1.0),Total health care expenditure,A,Annual,PPS_HAB,Purchasing power standard (PPS) per inhabitant,TOT_HC,Current health care expenditure (CHE),IT,Italy,2020,,2619.53,,,,,
dataflow,ESTAT:TPS00207(1.0),Total health care expenditure,A,Annual,PPS_HAB,Purchasing power standard (PPS) per inhabitant,TOT_HC,Current health care expenditure (CHE),IT,Italy,2021,,2828.42,,,,,
dataflow,ESTAT:TPS00207(1.0),Total health care expenditure,A,Annual,PPS_HAB,Purchasing power standard (PPS) per inhabitant,TOT_HC,Current health care expenditure (CHE),IT,Italy,2022,,2978.38,,,,,
dataflow,ESTAT:TPS00207(1.0),Total health care expenditure,A,Annual,PPS_HAB,Purchasing power standard (PPS) per inhabitant,TOT_HC,Current health care expenditure (CHE),IT,Italy,2023,,3086.21,,,,,
dataflow,ESTAT:TPS00207(1.0),Total health care expenditure,A,Annual,PPS_HAB,Purchasing power standard (PPS) per inhabitant,TOT_HC,Current health care expenditure (CHE),IT,Italy,2024,,3199.32,,p,provisional,,
dataflow,ESTAT:TPS00207(1.0),Total health care expenditure,A,Annual,PPS_HAB,Purchasing power standard (PPS) per inhabitant,TOT_HC,Current health care expenditure (CHE),LT,Lithuania,2013,,1218.57,,,,,
dataflow,ESTAT:TPS00207(1.0),Total health care expenditure,A,Annual,PPS_HAB,Purchasing power standard (PPS) per inhabitant,TOT_HC,Current health care expenditure (CHE),LT,Lithuania,2014,,1301.72,,,,,
dataflow,ESTAT:TPS00207(1.0),Total health care expenditure,A,Annual,PPS_HAB,Purchasing power standard (PPS) per inhabitant,TOT_HC,Current health care expenditure (CHE),LT,Lithuania,2015,,1401.45,,,,,
dataflow,ESTAT:TPS00207(1.0),Total health care expenditure,A,Annual,PPS_HAB,Purchasing power standard (PPS) per inhabitant,TOT_HC,Current health care expenditure (CHE),LT,Lithuania,2016,,1480.71,,,,,
dataflow,ESTAT:TPS00207(1.0),Total health care expenditure,A,Annual,PPS_HAB,Purchasing power standard (PPS) per inhabitant,TOT_HC,Current health care expenditure (CHE),LT,Lithuania,2017,,1563.53,,,,,
dataflow,ESTAT:TPS00207(1.0),Total health care expenditure,A,Annual,PPS_HAB,Purchasing power standard (PPS) per inhabitant,TOT_HC,Current health care expenditure (CHE),LT,Lithuania,2018,,1661.39,,,,,
dataflow,ESTAT:TPS00207(1.0),Total health care expenditure,A,Annual,PPS_HAB,Purchasing power standard (PPS) per inhabitant,TOT_HC,Current health care expenditure (CHE),LT,Lithuania,2019,,1898.62,,,,,
dataflow,ESTAT:TPS00207(1.0),Total health care expenditure,A,Annual,PPS_HAB,Purchasing power standard (PPS) per inhabitant,TOT_HC,Current health care expenditure (CHE),LT,Lithuania,2020,,2011.42,,,,,
dataflow,ESTAT:TPS00207(1.0),Total health care expenditure,A,Annual,PPS_HAB,Purchasing power standard (PPS) per inhabitant,TOT_HC,Current health care expenditure (CHE),LT,Lithuania,2021,,2310.27,,,,,
dataflow,ESTAT:TPS00207(1.0),Total health care expenditure,A,Annual,PPS_HAB,Purchasing power standard (PPS) per inhabitant,TOT_HC,Current health care expenditure (CHE),LT,Lithuania,2022,,2316.29,,,,,
dataflow,ESTAT:TPS00207(1.0),Total health care expenditure,A,Annual,PPS_HAB,Purchasing power standard (PPS) per inhabitant,TOT_HC,Current health care expenditure (CHE),LT,Lithuania,2023,,2414.94,,,,,
dataflow,ESTAT:TPS00207(1.0),Total health care expenditure,A,Annual,PPS_HAB,Purchasing power standard (PPS) per inhabitant,TOT_HC,Current health care expenditure (CHE),LT,Lithuania,2024,,2635.33,,p,provisional,,
dataflow,ESTAT:TPS00207(1.0),Total health care expenditure,A,Annual,PPS_HAB,Purchasing power standard (PPS) per inhabitant,TOT_HC,Current health care expenditure (CHE),LU,Luxembourg,2013,,3402.5,,,,,
dataflow,ESTAT:TPS00207(1.0),Total health care expenditure,A,Annual,PPS_HAB,Purchasing power standard (PPS) per inhabitant,TOT_HC,Current health care expenditure (CHE),LU,Luxembourg,2014,,3444.75,,,,,
dataflow,ESTAT:TPS00207(1.0),Total health care expenditure,A,Annual,PPS_HAB,Purchasing power standard (PPS) per inhabitant,TOT_HC,Current health care expenditure (CHE),LU,Luxembourg,2015,,3437.52,,,,,
dataflow,ESTAT:TPS00207(1.0),Total health care expenditure,A,Annual,PPS_HAB,Purchasing power standard (PPS) per inhabitant,TOT_HC,Current health care expenditure (CHE),LU,Luxembourg,2016,,3452.81,,,,,
dataflow,ESTAT:TPS00207(1.0),Total health care expenditure,A,Annual,PPS_HAB,Purchasing power standard (PPS) per inhabitant,TOT_HC,Current health care expenditure (CHE),LU,Luxembourg,2017,,3514.1,,,,,
dataflow,ESTAT:TPS00207(1.0),Total health care expenditure,A,Annual,PPS_HAB,Purchasing power standard (PPS) per inhabitant,TOT_HC,Current health care expenditure (CHE),LU,Luxembourg,2018,,3691.42,,,,,
dataflow,ESTAT:TPS00207(1.0),Total health care expenditure,A,Annual,PPS_HAB,Purchasing power standard (PPS) per inhabitant,TOT_HC,Current health care expenditure (CHE),LU,Luxembourg,2019,,3741.21,,,,,
dataflow,ESTAT:TPS00207(1.0),Total health care expenditure,A,Annual,PPS_HAB,Purchasing power standard (PPS) per inhabitant,TOT_HC,Current health care expenditure (CHE),LU,Luxembourg,2020,,3810.79,,,,,
dataflow,ESTAT:TPS00207(1.0),Total health care expenditure,A,Annual,PPS_HAB,Purchasing power standard (PPS) per inhabitant,TOT_HC,Current health care expenditure (CHE),LU,Luxembourg,2021,,4126.51,,,,,
dataflow,ESTAT:TPS00207(1.0),Total health care expenditure,A,Annual,PPS_HAB,Purchasing power standard (PPS) per inhabitant,TOT_HC,Current health care expenditure (CHE),LU,Luxembourg,2022,,4302.86,,,,,
dataflow,ESTAT:TPS00207(1.0),Total health care expenditure,A,Annual,PPS_HAB,Purchasing power standard (PPS) per inhabitant,TOT_HC,Current health care expenditure (CHE),LU,Luxembourg,2023,,4566.95,,,,,
dataflow,ESTAT:TPS00207(1.0),Total health care expenditure,A,Annual,PPS_HAB,Purchasing power standard (PPS) per inhabitant,TOT_HC,Current health care expenditure (CHE),LU,Luxembourg,2024,,4971.55,,p,provisional,,
dataflow,ESTAT:TPS00207(1.0),Total health care expenditure,A,Annual,PPS_HAB,Purchasing power standard (PPS) per inhabitant,TOT_HC,Current health care expenditure (CHE),LV,Latvia,2013,,902.37,,,,,
dataflow,ESTAT:TPS00207(1.0),Total health care expenditure,A,Annual,PPS_HAB,Purchasing power standard (PPS) per inhabitant,TOT_HC,Current health care expenditure (CHE),LV,Latvia,2014,,941.48,,,,,
dataflow,ESTAT:TPS00207(1.0),Total health care expenditure,A,Annual,PPS_HAB,Purchasing power standard (PPS) per inhabitant,TOT_HC,Current health care expenditure (CHE),LV,Latvia,2015,,1029.04,,,,,
dataflow,ESTAT:TPS00207(1.0),Total health care expenditure,A,Annual,PPS_HAB,Purchasing power standard (PPS) per inhabitant,TOT_HC,Current health care expenditure (CHE),LV,Latvia,2016,,1142.69,,,,,
dataflow,ESTAT:TPS00207(1.0),Total health care expenditure,A,Annual,PPS_HAB,Purchasing power standard (PPS) per inhabitant,TOT_HC,Current health care expenditure (CHE),LV,Latvia,2017,,1180.8,,,,,
dataflow,ESTAT:TPS00207(1.0),Total health care expenditure,A,Annual,PPS_HAB,Purchasing power standard (PPS) per inhabitant,TOT_HC,Current health care expenditure (CHE),LV,Latvia,2018,,1298.09,,,,,
dataflow,ESTAT:TPS00207(1.0),Total health care expenditure,A,Annual,PPS_HAB,Purchasing power standard (PPS) per inhabitant,TOT_HC,Current health care expenditure (CHE),LV,Latvia,2019,,1436.47,,,,,
dataflow,ESTAT:TPS00207(1.0),Total health care expenditure,A,Annual,PPS_HAB,Purchasing power standard (PPS) per inhabitant,TOT_HC,Current health care expenditure (CHE),LV,Latvia,2020,,1563.31,,,,,
dataflow,ESTAT:TPS00207(1.0),Total health care expenditure,A,Annual,PPS_HAB,Purchasing power standard (PPS) per inhabitant,TOT_HC,Current health care expenditure (CHE),LV,Latvia,2021,,2242.32,,,,,
dataflow,ESTAT:TPS00207(1.0),Total health care expenditure,A,Annual,PPS_HAB,Purchasing power standard (PPS) per inhabitant,TOT_HC,Current health care expenditure (CHE),LV,Latvia,2022,,2033.58,,,,,
dataflow,ESTAT:TPS00207(1.0),Total health care expenditure,A,Annual,PPS_HAB,Purchasing power standard (PPS) per inhabitant,TOT_HC,Current health care expenditure (CHE),LV,Latvia,2023,,1970.86,,,,,
dataflow,ESTAT:TPS00207(1.0),Total health care expenditure,A,Annual,PPS_HAB,Purchasing power standard (PPS) per inhabitant,TOT_HC,Current health care expenditure (CHE),MT,Malta,2014,,2186.58,,,,,
dataflow,ESTAT:TPS00207(1.0),Total health care expenditure,A,Annual,PPS_HAB,Purchasing power standard (PPS) per inhabitant,TOT_HC,Current health care expenditure (CHE),MT,Malta,2015,,2360.06,,,,,
dataflow,ESTAT:TPS00207(1.0),Total health care expenditure,A,Annual,PPS_HAB,Purchasing power standard (PPS) per inhabitant,TOT_HC,Current health care expenditure (CHE),MT,Malta,2016,,2448.49,,,,,
dataflow,ESTAT:TPS00207(1.0),Total health care expenditure,A,Annual,PPS_HAB,Purchasing power standard (PPS) per inhabitant,TOT_HC,Current health care expenditure (CHE),MT,Malta,2017,,2578.77,,,,,
dataflow,ESTAT:TPS00207(1.0),Total health care expenditure,A,Annual,PPS_HAB,Purchasing power standard (PPS) per inhabitant,TOT_HC,Current health care expenditure (CHE),MT,Malta,2018,,2635.06,,,,,
dataflow,ESTAT:TPS00207(1.0),Total health care expenditure,A,Annual,PPS_HAB,Purchasing power standard (PPS) per inhabitant,TOT_HC,Current health care expenditure (CHE),MT,Malta,2019,,2958.11,,,,,
dataflow,ESTAT:TPS00207(1.0),Total health care expenditure,A,Annual,PPS_HAB,Purchasing power standard (PPS) per inhabitant,TOT_HC,Current health care expenditure (CHE),MT,Malta,2020,,3026.31,,p,provisional,,
dataflow,ESTAT:TPS00207(1.0),Total health care expenditure,A,Annual,PPS_HAB,Purchasing power standard (PPS) per inhabitant,TOT_HC,Current health care expenditure (CHE),MT,Malta,2021,,3322.31,,p,provisional,,
dataflow,ESTAT:TPS00207(1.0),Total health care expenditure,A,Annual,PPS_HAB,Purchasing power standard (PPS) per inhabitant,TOT_HC,Current health care expenditure (CHE),MT,Malta,2022,,3363.1,,,,,
dataflow,ESTAT:TPS00207(1.0),Total health care expenditure,A,Annual,PPS_HAB,Purchasing power standard (PPS) per inhabitant,TOT_HC,Current health care expenditure (CHE),MT,Malta,2023,,3562.59,,p,provisional,,
dataflow,ESTAT:TPS00207(1.0),Total health care expenditure,A,Annual,PPS_HAB,Purchasing power standard (PPS) per inhabitant,TOT_HC,Current health care expenditure (CHE),NL,Netherlands,2013,,3613.28,,,,,
dataflow,ESTAT:TPS00207(1.0),Total health care expenditure,A,Annual,PPS_HAB,Purchasing power standard (PPS) per inhabitant,TOT_HC,Current health care expenditure (CHE),NL,Netherlands,2014,,3611.26,,,,,
dataflow,ESTAT:TPS00207(1.0),Total health care expenditure,A,Annual,PPS_HAB,Purchasing power standard (PPS) per inhabitant,TOT_HC,Current health care expenditure (CHE),NL,Netherlands,2015,,3609.53,,,,,
dataflow,ESTAT:TPS00207(1.0),Total health care expenditure,A,Annual,PPS_HAB,Purchasing power standard (PPS) per inhabitant,TOT_HC,Current health care expenditure (CHE),NL,Netherlands,2016,,3608.22,,,,,
dataflow,ESTAT:TPS00207(1.0),Total health care expenditure,A,Annual,PPS_HAB,Purchasing power standard (PPS) per inhabitant,TOT_HC,Current health care expenditure (CHE),NL,Netherlands,2017,,3700.57,,,,,
dataflow,ESTAT:TPS00207(1.0),Total health care expenditure,A,Annual,PPS_HAB,Purchasing power standard (PPS) per inhabitant,TOT_HC,Current health care expenditure (CHE),NL,Netherlands,2018,,3824.1,,,,,
dataflow,ESTAT:TPS00207(1.0),Total health care expenditure,A,Annual,PPS_HAB,Purchasing power standard (PPS) per inhabitant,TOT_HC,Current health care expenditure (CHE),NL,Netherlands,2019,,3932.68,,,,,
dataflow,ESTAT:TPS00207(1.0),Total health care expenditure,A,Annual,PPS_HAB,Purchasing power standard (PPS) per inhabitant,TOT_HC,Current health care expenditure (CHE),NL,Netherlands,2020,,4238.31,,,,,
dataflow,ESTAT:TPS00207(1.0),Total health care expenditure,A,Annual,PPS_HAB,Purchasing power standard (PPS) per inhabitant,TOT_HC,Current health care expenditure (CHE),NL,Netherlands,2021,,4694.01,,b,break in time series,,
dataflow,ESTAT:TPS00207(1.0),Total health care expenditure,A,Annual,PPS_HAB,Purchasing power standard (PPS) per inhabitant,TOT_HC,Current health care expenditure (CHE),NL,Netherlands,2022,,4718.77,,,,,
dataflow,ESTAT:TPS00207(1.0),Total health care expenditure,A,Annual,PPS_HAB,Purchasing power standard (PPS) per inhabitant,TOT_HC,Current health care expenditure (CHE),NL,Netherlands,2023,,4848.1,,,,,
dataflow,ESTAT:TPS00207(1.0),Total health care expenditure,A,Annual,PPS_HAB,Purchasing power standard (PPS) per inhabitant,TOT_HC,Current health care expenditure (CHE),NL,Netherlands,2024,,5210.04,,p,provisional,,
dataflow,ESTAT:TPS00207(1.0),Total health care expenditure,A,Annual,PPS_HAB,Purchasing power standard (PPS) per inhabitant,TOT_HC,Current health care expenditure (CHE),PL,Poland,2013,,1226.06,,,,,
dataflow,ESTAT:TPS00207(1.0),Total health care expenditure,A,Annual,PPS_HAB,Purchasing power standard (PPS) per inhabitant,TOT_HC,Current health care expenditure (CHE),PL,Poland,2014,,1234.64,,,,,
dataflow,ESTAT:TPS00207(1.0),Total health care expenditure,A,Annual,PPS_HAB,Purchasing power standard (PPS) per inhabitant,TOT_HC,Current health care expenditure (CHE),PL,Poland,2015,,1320.52,,,,,
dataflow,ESTAT:TPS00207(1.0),Total health care expenditure,A,Annual,PPS_HAB,Purchasing power standard (PPS) per inhabitant,TOT_HC,Current health care expenditure (CHE),PL,Poland,2016,,1379.58,,,,,
dataflow,ESTAT:TPS00207(1.0),Total health care expenditure,A,Annual,PPS_HAB,Purchasing power standard (PPS) per inhabitant,TOT_HC,Current health care expenditure (CHE),PL,Poland,2017,,1452.91,,,,,
dataflow,ESTAT:TPS00207(1.0),Total health care expenditure,A,Annual,PPS_HAB,Purchasing power standard (PPS) per inhabitant,TOT_HC,Current health care expenditure (CHE),PL,Poland,2018,,1469.47,,,,,
dataflow,ESTAT:TPS00207(1.0),Total health care expenditure,A,Annual,PPS_HAB,Purchasing power standard (PPS) per inhabitant,TOT_HC,Current health care expenditure (CHE),PL,Poland,2019,,1591.86,,,,,
dataflow,ESTAT:TPS00207(1.0),Total health care expenditure,A,Annual,PPS_HAB,Purchasing power standard (PPS) per inhabitant,TOT_HC,Current health care expenditure (CHE),PL,Poland,2020,,1632.82,,p,provisional,,
dataflow,ESTAT:TPS00207(1.0),Total health care expenditure,A,Annual,PPS_HAB,Purchasing power standard (PPS) per inhabitant,TOT_HC,Current health care expenditure (CHE),PL,Poland,2021,,1765.45,,p,provisional,,
dataflow,ESTAT:TPS00207(1.0),Total health care expenditure,A,Annual,PPS_HAB,Purchasing power standard (PPS) per inhabitant,TOT_HC,Current health care expenditure (CHE),PL,Poland,2022,,1967.06,,,,,
dataflow,ESTAT:TPS00207(1.0),Total health care expenditure,A,Annual,PPS_HAB,Purchasing power standard (PPS) per inhabitant,TOT_HC,Current health care expenditure (CHE),PL,Poland,2023,,2240.33,,,,,
dataflow,ESTAT:TPS00207(1.0),Total health care expenditure,A,Annual,PPS_HAB,Purchasing power standard (PPS) per inhabitant,TOT_HC,Current health care expenditure (CHE),PL,Poland,2024,,2657.58,,p,provisional,,
dataflow,ESTAT:TPS00207(1.0),Total health care expenditure,A,Annual,PPS_HAB,Purchasing power standard (PPS) per inhabitant,TOT_HC,Current health care expenditure (CHE),PT,Portugal,2013,,1834.68,,,,,
dataflow,ESTAT:TPS00207(1.0),Total health care expenditure,A,Annual,PPS_HAB,Purchasing power standard (PPS) per inhabitant,TOT_HC,Current health care expenditure (CHE),PT,Portugal,2014,,1853.78,,,,,
dataflow,ESTAT:TPS00207(1.0),Total health care expenditure,A,Annual,PPS_HAB,Purchasing power standard (PPS) per inhabitant,TOT_HC,Current health care expenditure (CHE),PT,Portugal,2015,,1926.36,,,,,
dataflow,ESTAT:TPS00207(1.0),Total health care expenditure,A,Annual,PPS_HAB,Purchasing power standard (PPS) per inhabitant,TOT_HC,Current health care expenditure (CHE),PT,Portugal,2016,,1987.37,,,,,
dataflow,ESTAT:TPS00207(1.0),Total health care expenditure,A,Annual,PPS_HAB,Purchasing power standard (PPS) per inhabitant,TOT_HC,Current health care expenditure (CHE),PT,Portugal,2017,,2039.27,,,,,
dataflow,ESTAT:TPS00207(1.0),Total health care expenditure,A,Annual,PPS_HAB,Purchasing power standard (PPS) per inhabitant,TOT_HC,Current health care expenditure (CHE),PT,Portugal,2018,,2175.42,,,,,
dataflow,ESTAT:TPS00207(1.0),Total health care expenditure,A,Annual,PPS_HAB,Purchasing power standard (PPS) per inhabitant,TOT_HC,Current health care expenditure (CHE),PT,Portugal,2019,,2268.81,,,,,
dataflow,ESTAT:TPS00207(1.0),Total health care expenditure,A,Annual,PPS_HAB,Purchasing power standard (PPS) per inhabitant,TOT_HC,Current health care expenditure (CHE),PT,Portugal,2020,,2312.19,,,,,
dataflow,ESTAT:TPS00207(1.0),Total health care expenditure,A,Annual,PPS_HAB,Purchasing power standard (PPS) per inhabitant,TOT_HC,Current health care expenditure (CHE),PT,Portugal,2021,,2699.35,,b,break in time series,,
dataflow,ESTAT:TPS00207(1.0),Total health care expenditure,A,Annual,PPS_HAB,Purchasing power standard (PPS) per inhabitant,TOT_HC,Current health care expenditure (CHE),PT,Portugal,2022,,2884.01,,,,,
dataflow,ESTAT:TPS00207(1.0),Total health care expenditure,A,Annual,PPS_HAB,Purchasing power standard (PPS) per inhabitant,TOT_HC,Current health care expenditure (CHE),PT,Portugal,2023,,3000.67,,,,,
dataflow,ESTAT:TPS00207(1.0),Total health care expenditure,A,Annual,PPS_HAB,Purchasing power standard (PPS) per inhabitant,TOT_HC,Current health care expenditure (CHE),PT,Portugal,2024,,3211.29,,p,provisional,,
dataflow,ESTAT:TPS00207(1.0),Total health care expenditure,A,Annual,PPS_HAB,Purchasing power standard (PPS) per inhabitant,TOT_HC,Current health care expenditure (CHE),RO,Romania,2013,,759.54,,,,,
dataflow,ESTAT:TPS00207(1.0),Total health care expenditure,A,Annual,PPS_HAB,Purchasing power standard (PPS) per inhabitant,TOT_HC,Current health care expenditure (CHE),RO,Romania,2014,,766.81,,,,,
dataflow,ESTAT:TPS00207(1.0),Total health care expenditure,A,Annual,PPS_HAB,Purchasing power standard (PPS) per inhabitant,TOT_HC,Current health care expenditure (CHE),RO,Romania,2015,,796.57,,,,,
dataflow,ESTAT:TPS00207(1.0),Total health care expenditure,A,Annual,PPS_HAB,Purchasing power standard (PPS) per inhabitant,TOT_HC,Current health care expenditure (CHE),RO,Romania,2016,,885.77,,,,,
dataflow,ESTAT:TPS00207(1.0),Total health care expenditure,A,Annual,PPS_HAB,Purchasing power standard (PPS) per inhabitant,TOT_HC,Current health care expenditure (CHE),RO,Romania,2017,,995.87,,,,,
dataflow,ESTAT:TPS00207(1.0),Total health care expenditure,A,Annual,PPS_HAB,Purchasing power standard (PPS) per inhabitant,TOT_HC,Current health care expenditure (CHE),RO,Romania,2018,,1157.44,,,,,
dataflow,ESTAT:TPS00207(1.0),Total health care expenditure,A,Annual,PPS_HAB,Purchasing power standard (PPS) per inhabitant,TOT_HC,Current health care expenditure (CHE),RO,Romania,2019,,1311.34,,,,,
dataflow,ESTAT:TPS00207(1.0),Total health care expenditure,A,Annual,PPS_HAB,Purchasing power standard (PPS) per inhabitant,TOT_HC,Current health care expenditure (CHE),RO,Romania,2020,,1442.91,,,,,
dataflow,ESTAT:TPS00207(1.0),Total health care expenditure,A,Annual,PPS_HAB,Purchasing power standard (PPS) per inhabitant,TOT_HC,Current health care expenditure (CHE),RO,Romania,2021,,1645.78,,,,,
dataflow,ESTAT:TPS00207(1.0),Total health care expenditure,A,Annual,PPS_HAB,Purchasing power standard (PPS) per inhabitant,TOT_HC,Current health care expenditure (CHE),RO,Romania,2022,,1612.63,,,,,
dataflow,ESTAT:TPS00207(1.0),Total health care expenditure,A,Annual,PPS_HAB,Purchasing power standard (PPS) per inhabitant,TOT_HC,Current health care expenditure (CHE),RO,Romania,2023,,1775.64,,,,,
dataflow,ESTAT:TPS00207(1.0),Total health care expenditure,A,Annual,PPS_HAB,Purchasing power standard (PPS) per inhabitant,TOT_HC,Current health care expenditure (CHE),SI,Slovenia,2014,,1828.92,,,,,
dataflow,ESTAT:TPS00207(1.0),Total health care expenditure,A,Annual,PPS_HAB,Purchasing power standard (PPS) per inhabitant,TOT_HC,Current health care expenditure (CHE),SI,Slovenia,2015,,1889.55,,,,,
dataflow,ESTAT:TPS00207(1.0),Total health care expenditure,A,Annual,PPS_HAB,Purchasing power standard (PPS) per inhabitant,TOT_HC,Current health care expenditure (CHE),SI,Slovenia,2016,,1938.86,,,,,
dataflow,ESTAT:TPS00207(1.0),Total health care expenditure,A,Annual,PPS_HAB,Purchasing power standard (PPS) per inhabitant,TOT_HC,Current health care expenditure (CHE),SI,Slovenia,2017,,1995.21,,,,,
dataflow,ESTAT:TPS00207(1.0),Total health care expenditure,A,Annual,PPS_HAB,Purchasing power standard (PPS) per inhabitant,TOT_HC,Current health care expenditure (CHE),SI,Slovenia,2018,,2124.08,,,,,
dataflow,ESTAT:TPS00207(1.0),Total health care expenditure,A,Annual,PPS_HAB,Purchasing power standard (PPS) per inhabitant,TOT_HC,Current health care expenditure (CHE),SI,Slovenia,2019,,2286.71,,,,,
dataflow,ESTAT:TPS00207(1.0),Total health care expenditure,A,Annual,PPS_HAB,Purchasing power standard (PPS) per inhabitant,TOT_HC,Current health care expenditure (CHE),SI,Slovenia,2020,,2443.22,,,,,
dataflow,ESTAT:TPS00207(1.0),Total health care expenditure,A,Annual,PPS_HAB,Purchasing power standard (PPS) per inhabitant,TOT_HC,Current health care expenditure (CHE),SI,Slovenia,2021,,2697.37,,,,,
dataflow,ESTAT:TPS00207(1.0),Total health care expenditure,A,Annual,PPS_HAB,Purchasing power standard (PPS) per inhabitant,TOT_HC,Current health care expenditure (CHE),SI,Slovenia,2022,,2955.73,,,,,
dataflow,ESTAT:TPS00207(1.0),Total health care expenditure,A,Annual,PPS_HAB,Purchasing power standard (PPS) per inhabitant,TOT_HC,Current health care expenditure (CHE),SI,Slovenia,2023,,3120.92,,,,,
dataflow,ESTAT:TPS00207(1.0),Total health care expenditure,A,Annual,PPS_HAB,Purchasing power standard (PPS) per inhabitant,TOT_HC,Current health care expenditure (CHE),SI,Slovenia,2024,,3417.14,,p,provisional,,
dataflow,ESTAT:TPS00207(1.0),Total health care expenditure,A,Annual,PPS_HAB,Purchasing power standard (PPS) per inhabitant,TOT_HC,Current health care expenditure (CHE),SK,Slovakia,2013,,1580.43,,,,,
dataflow,ESTAT:TPS00207(1.0),Total health care expenditure,A,Annual,PPS_HAB,Purchasing power standard (PPS) per inhabitant,TOT_HC,Current health care expenditure (CHE),SK,Slovakia,2014,,1471.06,,,,,
dataflow,ESTAT:TPS00207(1.0),Total health care expenditure,A,Annual,PPS_HAB,Purchasing power standard (PPS) per inhabitant,TOT_HC,Current health care expenditure (CHE),SK,Slovakia,2015,,1508.49,,,,,
dataflow,ESTAT:TPS00207(1.0),Total health care expenditure,A,Annual,PPS_HAB,Purchasing power standard (PPS) per inhabitant,TOT_HC,Current health care expenditure (CHE),SK,Slovakia,2016,,1444.19,,,,,
dataflow,ESTAT:TPS00207(1.0),Total health care expenditure,A,Annual,PPS_HAB,Purchasing power standard (PPS) per inhabitant,TOT_HC,Current health care expenditure (CHE),SK,Slovakia,2017,,1390.74,,,,,
dataflow,ESTAT:TPS00207(1.0),Total health care expenditure,A,Annual,PPS_HAB,Purchasing power standard (PPS) per inhabitant,TOT_HC,Current health care expenditure (CHE),SK,Slovakia,2018,,1401.34,,,,,
dataflow,ESTAT:TPS00207(1.0),Total health care expenditure,A,Annual,PPS_HAB,Purchasing power standard (PPS) per inhabitant,TOT_HC,Current health care expenditure (CHE),SK,Slovakia,2019,,1519.28,,,,,
dataflow,ESTAT:TPS00207(1.0),Total health care expenditure,A,Annual,PPS_HAB,Purchasing power standard (PPS) per inhabitant,TOT_HC,Current health care expenditure (CHE),SK,Slovakia,2020,,1592.95,,,,,
dataflow,ESTAT:TPS00207(1.0),Total health care expenditure,A,Annual,PPS_HAB,Purchasing power standard (PPS) per inhabitant,TOT_HC,Current health care expenditure (CHE),SK,Slovakia,2021,,1874.57,,,,,
dataflow,ESTAT:TPS00207(1.0),Total health care expenditure,A,Annual,PPS_HAB,Purchasing power standard (PPS) per inhabitant,TOT_HC,Current health care expenditure (CHE),SK,Slovakia,2022,,1962.55,,,,,
dataflow,ESTAT:TPS00207(1.0),Total health care expenditure,A,Annual,PPS_HAB,Purchasing power standard (PPS) per inhabitant,TOT_HC,Current health care expenditure (CHE),SK,Slovakia,2023,,2088.17,,,,,
